{"sections":{"article-template":{"type":"article-template","blocks":{"article_image":{"type":"article_image","settings":{}},"article_title":{"type":"article_title","settings":{}},"article_content":{"type":"article_content","settings":{}},"article_author":{"type":"article_author","settings":{}},"article_tag":{"type":"article_tag","settings":{}},"article_social":{"type":"article_social","settings":{}},"article_next_prev":{"type":"article_next_prev","settings":{}}},"block_order":["article_image","article_title","article_content","article_author","article_tag","article_social","article_next_prev"],"settings":{}},"related-article":{"type":"related-article","settings":{}}},"order":["article-template","related-article"]}