{"sections":{"cart-template":{"type":"cart-template","settings":{"cart_title":"My cart:","cart_item_title":"Item","cart_item_remove":"Remove","update_button_title":"Update cart","continue_shopping_title":"Continue shopping","clear_cart_title":"Clear cart","cart_vendor_enable":false,"cart_notes_enable":true,"additional_details_title":"Additional details","additional_details_enable":false,"shipping_calculator_enable":true,"shipping_calculator_heading":"Shipping info","shipping_calculator_respose_text1":"There are","shipping_calculator_respose_text2":"shipping rates available for","shipping_calculator_respose_text3":"starting at","shipping_calculator_respose_text4":"There is one shipping rate available for","shipping_calculator_respose_text5":"We do not ship to this destination.","shipping_calculator_calculate_at_text":"at","shipping_calculator_button_title":"Calculate","cart_total_title":"Total","cart_discount_placeholder_text":"Discount code","checkout_button_title":"Checkout","cart_template_payment_img_enable":true,"cart_empty_title1":"Cart","cart_empty_title2":"empty","cart_empty_desc_text":"Sorry your cart has currently no more products, click on 'here' given below for continue browsing."}},"cart-category":{"type":"cart-category","settings":{"category_cart_padding_top":100,"category_cart_padding_bottom":100,"category_cart_padding_top_ip":80,"category_cart_padding_bottom_ip":80,"category_cart_padding_top_xs":60,"category_cart_padding_bottom_xs":60,"category_cart_bgcolor":"#FFFFFF","category_cart_bgcolor_enable":true,"category_cart_border":1,"category_cart_border_color":"#E2E2E2","category_cart_border_enable":true,"section_cart_title":"Featured collection","section_cart_desc":"Lorem Ipsum is printing & typesetting industry's standard dummy text since texts","category_cart_product_limit_handle":"6","category_cart_product_col":"1","category_cart_product_limit":"4","cart_label_product":"all"}}},"order":["cart-template","cart-category"]}