{"sections":{"collection-template-list":{"type":"collection-template-list","settings":{"collection_bgcolor":"#FFFFFF","collection_bgcolor_enable":true,"collection_categories_title":"Categories","collection_categories_enable":false,"sidebar_banner_img":"shopify:\/\/shop_images\/side-banner.jpg","sidebar_banner_url":"shopify:\/\/collections\/all","sidebar_banner_enable":true,"products_limit_handle":"12","collection_info_enable":true,"collection_image":"shopify:\/\/shop_images\/banner4.jpg","collection_image_enable":true,"collection_desc":"Lorem Ipsum is simply dummy text of the printing and typesetting industry. Lorem Ipsum has been the industry's standard dummy text ever since the 1500s, when an unknown printer took a galley of type and scrambled it to make a type specimen book","collection_desc_enable":false,"tab_bar_enable":true,"short_by_enable":true,"sidebar_handle":"left_sidebar_handle"}}},"order":["collection-template-list"]}