{"sections":{"slider":{"type":"slider","blocks":{"51b17ad1-a106-42c6-b2f7-30f955803990":{"type":"slide","settings":{"slider_img":"shopify:\/\/shop_images\/slider-1.jpg","slider_mobile_img":"shopify:\/\/shop_images\/mobileslider-1.jpg","slider_sub_title":"Product","slider_sub_title_color":"#91c4b1","slider_sub_title_effect":"e2","slider_title1":"Natural","slider_title2":"beauty","slider_title_color":"#333333","slider_title_effect":"e2","slider_button":"Buy now","slider_button_url":"shopify:\/\/collections\/all","slider_button_style":"btn-style1","slider_button_effect":"e2","slider_content_position":"left","slider_text_position":"left"}},"9f6dc164-edca-47e6-b305-1c7497019b12":{"type":"slide","settings":{"slider_img":"shopify:\/\/shop_images\/slider-3.jpg","slider_mobile_img":"shopify:\/\/shop_images\/mobileslider-3.jpg","slider_sub_title":"Product","slider_sub_title_color":"#91c4b1","slider_sub_title_effect":"e2","slider_title1":"Natural","slider_title2":"body oil","slider_title_color":"#333333","slider_title_effect":"e2","slider_button":"Shop now","slider_button_url":"shopify:\/\/collections\/all","slider_button_style":"btn-style1","slider_button_effect":"e2","slider_content_position":"left","slider_text_position":"left"}},"8c25a8aa-0635-4063-8c5a-69eab19b64da":{"type":"slide","settings":{"slider_img":"shopify:\/\/shop_images\/slider-2.jpg","slider_mobile_img":"shopify:\/\/shop_images\/mobileslider-2.jpg","slider_sub_title":"Product","slider_sub_title_color":"#91c4b1","slider_sub_title_effect":"e2","slider_title1":"Herbal","slider_title2":"serum","slider_title_color":"#333333","slider_title_effect":"e2","slider_button":"Buy now","slider_button_url":"shopify:\/\/collections\/all","slider_button_style":"btn-style1","slider_button_effect":"e2","slider_content_position":"left","slider_text_position":"left"}}},"block_order":["51b17ad1-a106-42c6-b2f7-30f955803990","9f6dc164-edca-47e6-b305-1c7497019b12","8c25a8aa-0635-4063-8c5a-69eab19b64da"],"settings":{"slider_autoplay_enable":true,"slider_autoplay_timeout":"5000","slider_autoplay_speed":"5000"}},"banner-grid":{"type":"banner-grid","blocks":{"60f32482-f96c-4298-b18f-716297cb51ee":{"type":"full_width_banner","settings":{"banner_img":"shopify:\/\/shop_images\/banner-2_a117f430-ed89-409d-82d1-10c37d266e9a.jpg","banner_title":"Body care","banner_title_color":"#ffffff","banner_button_text":"Buy now","banner_button_color":"#ffffff","banner_url":"shopify:\/\/collections\/all","banner_content_position":"center","banner_text_position":"center"}},"88153ea6-d26f-4856-a255-793712c6f1b3":{"type":"full_width_banner","settings":{"banner_img":"shopify:\/\/shop_images\/banner-1_3d34d30a-a261-465e-8e79-c6c5f310b95f.jpg","banner_title":"Skin care","banner_title_color":"#ffffff","banner_button_text":"Buy now","banner_button_color":"#ffffff","banner_url":"shopify:\/\/collections\/all","banner_content_position":"center","banner_text_position":"center"}}},"block_order":["60f32482-f96c-4298-b18f-716297cb51ee","88153ea6-d26f-4856-a255-793712c6f1b3"],"settings":{"banner1_padding_top":100,"banner1_padding_bottom":100,"banner1_padding_top_ip":80,"banner1_padding_bottom_ip":80,"banner1_padding_top_xs":60,"banner1_padding_bottom_xs":60}},"featured-product":{"type":"featured-product","blocks":{"95739305-90de-4736-8970-8fabe84bc596":{"type":"product_tab","settings":{"tab_product":"new-products"}},"34a20346-1a1d-4151-87b4-8fbaa3799368":{"type":"product_tab","settings":{"tab_product":"featured-products"}},"92d7bb57-6324-4182-b4dc-c1182baa702c":{"type":"product_tab","settings":{"tab_product":"best-seller"}}},"block_order":["95739305-90de-4736-8970-8fabe84bc596","34a20346-1a1d-4151-87b4-8fbaa3799368","92d7bb57-6324-4182-b4dc-c1182baa702c"],"settings":{"pro_tab_padding_top":100,"pro_tab_padding_bottom":100,"pro_tab_padding_top_ip":80,"pro_tab_padding_bottom_ip":80,"pro_tab_padding_top_xs":60,"pro_tab_padding_bottom_xs":60,"pro_tab_bgcolor":"#ffffff","pro_tab_bgcolor_enable":true,"pro_tab_border":1,"pro_tab_border_color":"#e2e2e2","pro_tab_border_enable":true,"section_title":"Our products","section_desc":"Lorem Ipsum is printing & typesetting industry's standard dummy text since texts","featured_product_limit_handle":"12","product_col":"2","slide_product_limit":"4","pro_tab_button_text":"See more","pro_tab_button_style":"btn-style2","pro_tab_button_enable":true}},"background-banner":{"type":"background-banner","settings":{"banner_bg_padding_top":100,"banner_bg_padding_bottom":100,"banner_bg_padding_top_ip":80,"banner_bg_padding_bottom_ip":80,"banner_bg_padding_top_xs":60,"banner_bg_padding_bottom_xs":60,"banner_bgimg":"shopify:\/\/shop_images\/1920X650.jpg","banner_bgimg_overlay_bgcolor":"#333333","banner_bgimg_overlay_bgcolor_opacity":0.5,"content_btn_icon":"bi bi-play-fill","banner_bg_button_url":"https:\/\/www.youtube.com\/watch?v=0etCKCAsImI","content_position":"center","content_text_position":"center"}},"deal-product":{"type":"deal-product","settings":{"deal_padding_top":100,"deal_padding_bottom":100,"deal_padding_top_ip":80,"deal_padding_bottom_ip":80,"deal_padding_top_xs":60,"deal_padding_bottom_xs":60,"deal_bgcolor":"#ffffff","deal_bgcolor_enable":true,"deal_border":1,"deal_border_color":"#e2e2e2","deal_border_enable":false,"deal_title":"Deal of the day","deal_desc":"Lorem Ipsum is printing & typesetting industry's standard dummy text since texts","deal_product_limit_handle":"4","deal_product_col":"1","deal_product_limit":"2","deal_label_product":"deal-of-the-day","deal_save_text":"You save","deal_button_text":"See more","deal_button_style":"btn-style2","deal_button_enable":true}},"testimonial":{"type":"testimonial","blocks":{"5d410c89-cc46-4e58-bf57-8912462196b6":{"type":"single_slide","settings":{"testi_img":"shopify:\/\/shop_images\/3.jpg","testi_authrname":"Jack hass","testi_review":"Lorem Ipsum has been the industry's standard dummy text ever since the 1500s, when an unknown printer took a galley of type and scrambled it to make a type specimen book"}},"62724594-9016-42a7-b98e-9d41975fe6e0":{"type":"single_slide","settings":{"testi_img":"shopify:\/\/shop_images\/4.jpg","testi_authrname":"Lynn thomas","testi_review":"Lorem Ipsum has been the industry's standard dummy text ever since the 1500s, when an unknown printer took a galley of type and scrambled it to make a type specimen book"}},"c081c663-478e-498b-851a-23b9e544f43e":{"type":"single_slide","settings":{"testi_img":"shopify:\/\/shop_images\/2.jpg","testi_authrname":"Noah ainsley","testi_review":"Lorem Ipsum has been the industry's standard dummy text ever since the 1500s, when an unknown printer took a galley of type and scrambled it to make a type specimen book"}},"30117561-1ea9-4f78-83a8-1176c33026fd":{"type":"single_slide","settings":{"testi_img":"shopify:\/\/shop_images\/5.jpg","testi_authrname":"Jack hass","testi_review":"Lorem Ipsum has been the industry's standard dummy text ever since the 1500s, when an unknown printer took a galley of type and scrambled it to make a type specimen book"}},"43523632-ac56-4c7e-acaf-c8b3ca114e22":{"type":"single_slide","settings":{"testi_img":"shopify:\/\/shop_images\/1_74c882ce-7632-4817-80ef-e534a2a81e6b.jpg","testi_authrname":"Lynn thomas","testi_review":"Lorem Ipsum has been the industry's standard dummy text ever since the 1500s, when an unknown printer took a galley of type and scrambled it to make a type specimen book"}}},"block_order":["5d410c89-cc46-4e58-bf57-8912462196b6","62724594-9016-42a7-b98e-9d41975fe6e0","c081c663-478e-498b-851a-23b9e544f43e","30117561-1ea9-4f78-83a8-1176c33026fd","43523632-ac56-4c7e-acaf-c8b3ca114e22"],"settings":{"testi_padding_top":100,"testi_padding_bottom":100,"testi_padding_top_ip":80,"testi_padding_bottom_ip":80,"testi_padding_top_xs":60,"testi_padding_bottom_xs":60,"testi_bgimg":"shopify:\/\/shop_images\/1_5a0b41fc-e040-4564-9216-d2f454d8cf47.jpg","testi_bgimg_check":true,"testimonial_banner_overlay_bgcolor":"#91c4b1","testimonial_banner_overlay_bgcolor_opacity":0.1,"testi_bgcolor":"#ffffff","testi_bgcolor_check":false,"testi_title":"Testimonial","testi_desc":"Lorem Ipsum is printing & typesetting industry's standard dummy text since texts","testi_quote":"fa fa-quote-left"}},"blog-home":{"type":"blog-home","settings":{"blog_padding_top":100,"blog_padding_bottom":100,"blog_padding_top_ip":80,"blog_padding_bottom_ip":80,"blog_padding_top_xs":60,"blog_padding_bottom_xs":60,"blog_bgcolor":"rgba(0,0,0,0)","blog_check":false,"blog_title":"Latest news","blog_desc":"Lorem Ipsum is printing & typesetting industry's standard dummy text since texts","blog_home":"news","blog_home_limit_handle":"8","blog_view_btn":"View All","blog_view_btn_url":"shopify:\/\/blogs\/news","blog_button_style":"btn-style2","blog_view_btn_enable":true}}},"order":["slider","banner-grid","featured-product","background-banner","deal-product","testimonial","blog-home"]}