{"sections":{"about-template":{"type":"about-template","blocks":{"f61da11d-dd24-403d-9643-2e792e40c417":{"type":"about-description","settings":{"about_banner_des":"Top quality products"}},"f1bfafdb-2aec-48c8-be37-3cb757044186":{"type":"about-description","settings":{"about_banner_des":"Best customer service"}},"bc212263-967b-4ea6-a994-7d346b828fcf":{"type":"about-description","settings":{"about_banner_des":"30-days money back guarantee"}}},"block_order":["f61da11d-dd24-403d-9643-2e792e40c417","f1bfafdb-2aec-48c8-be37-3cb757044186","bc212263-967b-4ea6-a994-7d346b828fcf"],"settings":{"about_product_padding_top":100,"about_product_padding_bottom":0,"about_product_padding_top_ip":80,"about_product_padding_bottom_ip":0,"about_product_padding_top_xs":60,"about_product_padding_bottom_xs":0,"about_product_bgcolor":"#ffffff","about_product_bgcolor_enable":true,"about_product_title":"About us","about_des":"Lorem Ipsum is printing & typesetting industry's standard dummy text since texts","about_banner_img":"shopify:\/\/shop_images\/mitho-about-us.jpg","title":"Our company","text":"Lorem ipsum dolor sit amet conse ctetur adipisicing elit, sed do eiusmod tempor incididunt ut labore et dolore magna aliqua. Ut enim ad minim veniam. Lorem ipsum dolor sit amet conse ctetur adipisicing elit."}},"our-vision":{"type":"our-vision","blocks":{"64010f70-a117-4c0a-8d41-c3ee86cff1fa":{"type":"our-vision","settings":{"vision_img":"shopify:\/\/shop_images\/mission.png","vision_title":"Our mission","vision_desc":"Lorem ipsum dolor sit amet, consectetur adipiscing elit., rutrum massa quis, porttitor lorem. Aliquam non est a ipsum facilisis scelerisque eu sed lectus."}},"8d41e065-a937-4f28-8769-ec9c93f99d54":{"type":"our-vision","settings":{"vision_img":"shopify:\/\/shop_images\/eye.png","vision_title":"Our vision","vision_desc":"Lorem ipsum dolor sit amet, consectetur adipiscing elit., rutrum massa quis, porttitor lorem. Aliquam non est a ipsum facilisis scelerisque eu sed lectus."}},"c6c3ad78-510a-4f88-a4bc-40080ee58ff4":{"type":"our-vision","settings":{"vision_img":"shopify:\/\/shop_images\/award.png","vision_title":"255 + award wins","vision_desc":"Lorem ipsum dolor sit amet, consectetur adipiscing elit., rutrum massa quis, porttitor lorem. Aliquam non est a ipsum facilisis scelerisque eu sed lectus."}},"84779158-c972-48d2-b518-5eda8a227b95":{"type":"our-vision","settings":{"vision_img":"shopify:\/\/shop_images\/review.png","vision_title":"300+ Happy Customer","vision_desc":"Lorem ipsum dolor sit amet, consectetur adipiscing elit., rutrum massa quis, porttitor lorem. Aliquam non est a ipsum facilisis scelerisque eu sed lectus."}}},"block_order":["64010f70-a117-4c0a-8d41-c3ee86cff1fa","8d41e065-a937-4f28-8769-ec9c93f99d54","c6c3ad78-510a-4f88-a4bc-40080ee58ff4","84779158-c972-48d2-b518-5eda8a227b95"],"settings":{"abt_vision_padding_top":100,"abt_vision_padding_bottom":0,"abt_vision_padding_top_ip":80,"abt_vision_padding_bottom_ip":0,"abt_vision_padding_top_xs":60,"abt_vision_padding_bottom_xs":0,"abt_vision_bgcolor":"#FFFFFF","abt_vision_bgcolor_enable":true}},"our-team":{"type":"our-team","blocks":{"a5681b36-9a96-4edf-851f-5bc8cb285add":{"type":"our-vision","settings":{"member_img":"shopify:\/\/shop_images\/1.jpg","member_name":"Nina theresa","member_position":"Managing director","member_desc":"Vestibulum porttitor egestas orci, vitae ullamcorper risus rutrum massa quis."}},"d733e382-2d33-43a7-a791-03ea51943c2a":{"type":"our-vision","settings":{"member_img":"shopify:\/\/shop_images\/2_9badf75a-8028-41e9-9862-77ce2ddb4123.jpg","member_name":"Maudud hossain","member_position":"Programmer","member_desc":"Vestibulum porttitor egestas orci, vitae ullamcorper risus rutrum massa quis."}},"71832022-cea2-4bdc-b9c4-db28666a5a65":{"type":"our-vision","settings":{"member_img":"shopify:\/\/shop_images\/3_c4ef4e55-f93b-4c46-b240-2beba3fef3b8.jpg","member_name":"Calista rose","member_position":"Manager","member_desc":"Vestibulum porttitor egestas orci, vitae ullamcorper risus rutrum massa quis."}},"87ab2f4a-29b3-4e4e-b2db-9bb1d170883a":{"type":"our-vision","settings":{"member_img":"shopify:\/\/shop_images\/4_f369efbc-aace-4d74-9c38-7e6b093ef383.jpg","member_name":"James micky","member_position":"Designer","member_desc":"Vestibulum porttitor egestas orci, vitae ullamcorper risus rutrum massa quis."}}},"block_order":["a5681b36-9a96-4edf-851f-5bc8cb285add","d733e382-2d33-43a7-a791-03ea51943c2a","71832022-cea2-4bdc-b9c4-db28666a5a65","87ab2f4a-29b3-4e4e-b2db-9bb1d170883a"],"settings":{"abt_team_padding_top":100,"abt_team_padding_bottom":100,"abt_team_padding_top_ip":80,"abt_team_padding_bottom_ip":80,"abt_team_padding_top_xs":60,"abt_team_padding_bottom_xs":60,"abt_team_bgcolor":"#ffffff","abt_team_bgcolor_enable":true,"our_team_title":"Our team","our_team_desc":"Lorem Ipsum is printing & typesetting industry's standard dummy text since texts"}}},"order":["about-template","our-vision","our-team"]}