{"sections":{"contact-us":{"type":"contact-us","settings":{"contact_map_padding_top":100,"contact_map_padding_bottom":0,"contact_map_padding_top_ip":80,"contact_map_padding_bottom_ip":0,"contact_map_padding_top_xs":60,"contact_map_padding_bottom_xs":0,"contact_map_bgcolor":"#ffffff","contact_map_bgcolor_enable":true,"contact_us_title":"Contact us","contact_us_desc":"Lorem Ipsum is printing & typesetting industry's standard dummy text since texts","contact_us_map_enable":true,"google_map_iframe":"<iframe src=\"https:\/\/www.google.com\/maps\/embed?pb=!1m18!1m12!1m3!1d3178.943120902953!2d-7.963813984699448!3d37.177822679872456!2m3!1f0!2f0!3f0!3m2!1i1024!2i768!4f13.1!3m3!1m2!1s0xd1ab161c81fb0ff%3A0x867380c80c46b1d!2sAmendoeira%20Organics!5e0!3m2!1sen!2spt!4v1631184615272!5m2!1sen!2spt\" width=\"100%\" height=\"450\" style=\"border:0;\" allowfullscreen=\"\" loading=\"lazy\"><\/iframe>","contact_us_map_height":500}},"form-contact":{"type":"form-contact","settings":{"contact_us_padding_top":100,"contact_us_padding_bottom":100,"contact_us_padding_top_ip":80,"contact_us_padding_bottom_ip":80,"contact_us_padding_top_xs":60,"contact_us_padding_bottom_xs":60,"contact_us_bgcolor":"#ffffff","contact_us_bgcolor_enable":true,"contact_us_border":1,"contact_us_border_color":"#e2e2e2","contact_us_border_enable":false,"contact_drop_title":"Drop us message","get_toch_title":"Get in Touch"}}},"order":["contact-us","form-contact"]}