{"sections":{"privacy-policy":{"type":"privacy-policy","blocks":{"cf9e39a7-c5c8-41b3-8d61-c95942cedea1":{"type":"privacy-policy","settings":{"privacy_policy_desc":"There are many variations of passages of Lorem Ipsum available."}},"2680493e-ebb3-4a01-8b93-aa2a8bbd2439":{"type":"privacy-policy","settings":{"privacy_policy_desc":"It was popularized in 1960s with the release sheets containing Lorem Ipsum."}},"b930579f-0d59-4bb0-a364-013488648f79":{"type":"privacy-policy","settings":{"privacy_policy_desc":"Sed ut perspiciatis unde omnis iste natus error sit voluptatem laudantium."}},"5f00542f-85ab-4290-b78d-731d2a32c98d":{"type":"privacy-policy","settings":{"privacy_policy_desc":"Randomised words which don't look even slightly believable."}},"7f9fd38b-3a74-49df-bf80-9ef4361c8dc2":{"type":"privacy-policy","settings":{"privacy_policy_desc":"Temporibus voluptates repudiandae sint et molestiae non recusandae."}}},"block_order":["cf9e39a7-c5c8-41b3-8d61-c95942cedea1","2680493e-ebb3-4a01-8b93-aa2a8bbd2439","b930579f-0d59-4bb0-a364-013488648f79","5f00542f-85ab-4290-b78d-731d2a32c98d","7f9fd38b-3a74-49df-bf80-9ef4361c8dc2"],"settings":{"privacy_policy_padding_top":100,"privacy_policy_padding_bottom":100,"privacy_policy_padding_top_ip":80,"privacy_policy_padding_bottom_ip":80,"privacy_policy_padding_top_xs":60,"privacy_policy_padding_bottom_xs":60,"privacy_policy_bgcolor":"#ffffff","privacy_policy_bgcolor_check":true,"privacy_policy_title":"Privacy policy","privacy_policy_desc":"Lorem Ipsum is printing & typesetting industry's standard dummy text since texts","privacy_policy_banner_img":"shopify:\/\/shop_images\/690X550.jpg"}},"payment-policy":{"type":"payment-policy","blocks":{"d806a6c7-b502-4e3f-9426-df871a9da85f":{"type":"payment-policy","settings":{"payment_policy_icon":"bi bi-shield-check","payment_policy_title":"Secure payment"}},"cc5147c4-9101-436f-9536-5b221ebe4df3":{"type":"payment-policy","settings":{"payment_policy_icon":"bi bi-wallet2","payment_policy_title":"Money back"}},"3da8b377-0656-4cf9-a23b-96ddcb81f715":{"type":"payment-policy","settings":{"payment_policy_icon":"bi bi-eye-slash","payment_policy_title":"Hidden cost"}},"a4195105-dc7f-47cc-bfe8-9bdc8725cbf0":{"type":"payment-policy","settings":{"payment_policy_icon":"bi bi-person-check","payment_policy_title":"Customer support"}},"f4b3f27e-2f2b-42c8-80e7-90b80e712044":{"type":"payment-policy","settings":{"payment_policy_icon":"bi bi-graph-up","payment_policy_title":"Market purpose"}}},"block_order":["d806a6c7-b502-4e3f-9426-df871a9da85f","cc5147c4-9101-436f-9536-5b221ebe4df3","3da8b377-0656-4cf9-a23b-96ddcb81f715","a4195105-dc7f-47cc-bfe8-9bdc8725cbf0","f4b3f27e-2f2b-42c8-80e7-90b80e712044"],"settings":{"payment_policy_padding_top":100,"payment_policy_padding_bottom":100,"payment_policy_padding_top_ip":80,"payment_policy_padding_bottom_ip":80,"payment_policy_padding_top_xs":60,"payment_policy_padding_bottom_xs":60,"payment_policy_bgcolor":"#f7f7f7","payment_policy_bgcolor_check":true,"payment_policy_title":"Liability","payment_policy_desc1":"There are many variations of passages of Lorem Ipsum available, but the majority have suffered alteration in some form, by injected humour, or randomised words which don't look even slightly believable.","payment_policy_desc2":"It was popularised in the 1960s with the release of Letraset sheets containing Lorem Ipsum passages, and more recently with desktop publishing software like Aldus PageMaker including versions of Lorem Ipsum."}},"payment-method":{"type":"payment-method","blocks":{"b2d1e039-f0b8-4f42-80dd-865087fbea3f":{"type":"payment_method","settings":{"method_policy_picker":"visa","method_policy_title":"Visa payment","method_policy_desc":"Lorem Ipsum is printing & typesetting industry's standard text"}},"4174ef92-52e0-4fe2-8170-d36832a8bc9d":{"type":"payment_method","settings":{"method_policy_picker":"maestro","method_policy_title":"Maestro payment","method_policy_desc":"Lorem Ipsum is printing & typesetting industry's standard text"}},"add34758-0bf6-42ff-a54d-180dcfa22ced":{"type":"payment_method","settings":{"method_policy_picker":"paypal","method_policy_title":"Paypal payment","method_policy_desc":"Lorem Ipsum is printing & typesetting industry's standard text"}},"394a21d4-4b95-4d4d-a65b-a30829bda1d1":{"type":"payment_method","settings":{"method_policy_picker":"discover","method_policy_title":"Discover payment","method_policy_desc":"Lorem Ipsum is printing & typesetting industry's standard text"}},"be444d32-ff02-48de-a25a-32558f64e4d5":{"type":"payment_method","settings":{"method_policy_picker":"master","method_policy_title":"Master payment","method_policy_desc":"Lorem Ipsum is printing & typesetting industry's standard text"}},"87401386-d505-4dfd-af6d-19cbadb69e56":{"type":"payment_method","settings":{"method_policy_picker":"american_express","method_policy_title":"Express payment","method_policy_desc":"Lorem Ipsum is printing & typesetting industry's standard text"}},"bdd00329-0974-46cd-93b8-6eb00f7ecb83":{"type":"payment_method","settings":{"method_policy_picker":"google_pay","method_policy_title":"Google payment","method_policy_desc":"Lorem Ipsum is printing & typesetting industry's standard text"}},"1faaeba0-4875-4724-9647-901b4c25caf8":{"type":"payment_method","settings":{"method_policy_picker":"paytm","method_policy_title":"Wallet payment","method_policy_desc":"Lorem Ipsum is printing & typesetting industry's standard text"}},"3bf1bd49-9a53-4af3-b977-9bc5ebcd3730":{"type":"payment_method","settings":{"method_policy_picker":"shopify_pay","method_policy_title":"Shopify payment","method_policy_desc":"Lorem Ipsum is printing & typesetting industry's standard text"}}},"block_order":["b2d1e039-f0b8-4f42-80dd-865087fbea3f","4174ef92-52e0-4fe2-8170-d36832a8bc9d","add34758-0bf6-42ff-a54d-180dcfa22ced","394a21d4-4b95-4d4d-a65b-a30829bda1d1","be444d32-ff02-48de-a25a-32558f64e4d5","87401386-d505-4dfd-af6d-19cbadb69e56","bdd00329-0974-46cd-93b8-6eb00f7ecb83","1faaeba0-4875-4724-9647-901b4c25caf8","3bf1bd49-9a53-4af3-b977-9bc5ebcd3730"],"settings":{"method_policy_padding_top":100,"method_policy_padding_bottom":100,"method_policy_padding_top_ip":80,"method_policy_padding_bottom_ip":80,"method_policy_padding_top_xs":60,"method_policy_padding_bottom_xs":60,"method_policy_bgcolor":"#ffffff","method_policy_bgcolor_check":true,"method_policy_title":"Popular methods","method_policy_desc":"Lorem Ipsum is printing & typesetting industry's standard dummy text since texts"}}},"order":["privacy-policy","payment-policy","payment-method"]}