{"sections":{"rules-temrs":{"type":"rules-temrs","blocks":{"467ffe64-ab68-4259-ab16-570885b47ee8":{"type":"rules_terms","settings":{"rules_terms_point_text":"There are many variations of passages of Lorem Ipsum available, but the majority have suffered alteration in some form, by injected humour, or randomised words which don't look even slightly believable."}},"e78ffffe-f45a-4838-aed2-02cbaa7df7a5":{"type":"rules_terms","settings":{"rules_terms_point_text":"But I must explain to you how all this mistaken idea of denouncing pleasure and praising pain was born and I will give you a complete account of the system, and expound the actual teachings of the great explorer of the truth, the master-builder of human happiness."}},"18b9f502-0ad9-4805-a856-327d50a7203c":{"type":"rules_terms","settings":{"rules_terms_point_text":"Nor again is there anyone who loves or pursues or desires to obtain pain of itself, because it is pain, but because occasionally circumstances occur in which toil and pain can procure him some great pleasure."}}},"block_order":["467ffe64-ab68-4259-ab16-570885b47ee8","e78ffffe-f45a-4838-aed2-02cbaa7df7a5","18b9f502-0ad9-4805-a856-327d50a7203c"],"settings":{"rules_terms_title":"Terms & conditions","rules_terms_desc":"Lorem Ipsum is printing & typesetting industry's standard dummy text since texts","rules_terms_banner_img":"shopify:\/\/shop_images\/690X550_47e42e2a-cfa7-431a-b6ea-abaa811fc373.jpg","rules_terms_point_title":"Restriction"}},"terms-conditions":{"type":"terms-conditions","blocks":{"2194b7eb-092a-4d6a-9338-f66a927933fd":{"type":"terms-condition","settings":{"terms_condi_point_title":"Introduction","terms_condi_point_desc":"There are many variations of passages of Lorem Ipsum available, by injected, or words which don't look even slightly believable."}},"e0a00f58-6bff-4a1c-923b-910fa97a87c9":{"type":"terms-condition","settings":{"terms_condi_point_title":"Intellectual property","terms_condi_point_desc":"If you are going to use a passage of Lorem Ipsum, you need to be sure there isn't anything hidden in the middle of text."}},"61c22138-ecb8-4dbb-9e6e-90895e0779b7":{"type":"terms-condition","settings":{"terms_condi_point_title":"Your content","terms_condi_point_desc":"All the Lorem Ipsum generators on the Internet tend to repeat as necessary, making this the first true generator on the Internet."}},"f5c29b1f-89da-407f-b902-d092556f4706":{"type":"terms-condition","settings":{"terms_condi_point_title":"Sever ability","terms_condi_point_desc":"It uses a dictionary of over 200 Latin words, combined with a handful of model sentence, to looks reasonable."}},"5b2bd0bd-bfb4-489e-8f50-93d3f008b92c":{"type":"terms-condition","settings":{"terms_condi_point_title":"No majority","terms_condi_point_desc":"It was popularized in the 1960s with the release of sheets containing passages, and more recently versions of Lorem Ipsum."}},"aa829b9e-354d-4676-a53f-416d171caaaf":{"type":"terms-condition","settings":{"terms_condi_point_title":"Variation terms","terms_condi_point_desc":"Sed ut perspiciatis unde omnis iste natus error sit voluptatem accusantium doloremque, beatae vitae dicta sunt explicabo."}},"24be559e-6c81-46be-81c7-c32d716bb78b":{"type":"terms-condition","settings":{"terms_condi_point_title":"Sheets release","terms_condi_point_desc":"Temporibus autem quibusdam et aut officiis debitis aut rerum necessitatibus saepe sint et molestiae non recusandae."}},"b3522546-85d0-4887-adc5-7ba45b95fc82":{"type":"terms-condition","settings":{"terms_condi_point_title":"Maxim placate","terms_condi_point_desc":"Nam libero tempore, cum soluta nobis est eligendi optio cumque nihil maxime placeat facere possimus, omnis dolor repellendus."}}},"block_order":["2194b7eb-092a-4d6a-9338-f66a927933fd","e0a00f58-6bff-4a1c-923b-910fa97a87c9","61c22138-ecb8-4dbb-9e6e-90895e0779b7","f5c29b1f-89da-407f-b902-d092556f4706","5b2bd0bd-bfb4-489e-8f50-93d3f008b92c","aa829b9e-354d-4676-a53f-416d171caaaf","24be559e-6c81-46be-81c7-c32d716bb78b","b3522546-85d0-4887-adc5-7ba45b95fc82"],"settings":{"terms_condi_bgcolor":"#F6F6F6","terms_condi_bgcolor_check":true}},"need-more-help":{"type":"need-more-help","blocks":{"d7f3201e-1417-4b7c-b900-0761c13c7ca4":{"type":"need_help","settings":{"need_help_banner_img":"shopify:\/\/shop_images\/mail.png","need_help_icon":"bi bi-envelope","need_help_icon_title":"Chat with us","need_help_icon_desc":"Send us an email"}},"b715e094-4da6-4b91-9009-dfb0d1999b76":{"type":"need_help","settings":{"need_help_banner_img":"shopify:\/\/shop_images\/call.png","need_help_icon":"bi bi-telephone","need_help_icon_title":"Speak with us","need_help_icon_desc":"Give us a call toady"}},"95d7a048-175b-43ef-a0fb-9ee294e95ea8":{"type":"need_help","settings":{"need_help_banner_img":"shopify:\/\/shop_images\/3_0bd893f9-fcac-4836-bba2-086f6f4f37c5.jpg","need_help_icon":"bi bi-geo","need_help_icon_title":"Locate a store","need_help_icon_desc":"Describe your project"}}},"block_order":["d7f3201e-1417-4b7c-b900-0761c13c7ca4","b715e094-4da6-4b91-9009-dfb0d1999b76","95d7a048-175b-43ef-a0fb-9ee294e95ea8"],"settings":{"need_help_title":"Need help","need_help_desc":"Lorem Ipsum is printing & typesetting industry's standard dummy text since texts"}}},"order":["rules-temrs","terms-conditions","need-more-help"]}