{"sections":{"about-template2":{"type":"about-template2","blocks":{"d02dcc63-6e63-4f86-8c4d-0e5db2670227":{"type":"about-description","settings":{"about_banner_img":"shopify:\/\/shop_images\/1_042b11e4-c674-4191-a8f6-959e63659207.jpg","abt_banner_video_button_enable":false,"abt_banner_video_icon":"bi bi-play-fill","abt_banner_video_button_url":"","title":"Our company","text":"Lorem ipsum dolor sit amet conse ctetur adipisicing elit, sed do eiusmod tempor incididunt ut labore et dolore magna aliqua. Ut enim ad minim veniam."}},"1973e86c-7210-4ba2-ba92-8aa98dbd24af":{"type":"about-description","settings":{"about_banner_img":"shopify:\/\/shop_images\/3_8ed38580-c2d7-4dfd-8e0b-6e1a9dff059f.jpg","abt_banner_video_button_enable":true,"abt_banner_video_icon":"bi bi-play-fill","abt_banner_video_button_url":"https:\/\/www.youtube.com\/watch?v=0etCKCAsImI","title":"Our mission","text":"Lorem ipsum dolor sit amet conse ctetur adipisicing elit, sed do eiusmod tempor incididunt ut labore et dolore magna aliqua. Ut enim ad minim veniam."}},"7e846bbb-5fc0-41ad-8921-83c72aa9d5c8":{"type":"about-description","settings":{"about_banner_img":"shopify:\/\/shop_images\/2_c8326654-6f76-4777-9ee4-42e7b82d7788.jpg","abt_banner_video_button_enable":false,"abt_banner_video_icon":"bi bi-play-fill","abt_banner_video_button_url":"","title":"Our vision","text":"Lorem ipsum dolor sit amet conse ctetur adipisicing elit, sed do eiusmod tempor incididunt ut labore et dolore magna aliqua. Ut enim ad minim veniam."}}},"block_order":["d02dcc63-6e63-4f86-8c4d-0e5db2670227","1973e86c-7210-4ba2-ba92-8aa98dbd24af","7e846bbb-5fc0-41ad-8921-83c72aa9d5c8"],"settings":{"about2_padding_top":100,"about2_padding_bottom":0,"about2_padding_top_ip":80,"about2_padding_bottom_ip":0,"about2_padding_top_xs":60,"about2_padding_bottom_xs":0,"about2_bgcolor":"#ffffff","about2_bgcolor_enable":true,"about_product_title":"About us","about_des":"Lorem Ipsum is printing & typesetting industry's standard dummy text since texts"}},"counter-up":{"type":"counter-up","blocks":{"6d7fce45-d8dc-435d-bc5d-d5bb18f1e94b":{"type":"single_item","settings":{"counter_icon":"bi bi-briefcase","counter_number":"21","counter_title":"Years in business"}},"5e29cbc5-8e72-4b64-b126-6cdd68c9cc16":{"type":"single_item","settings":{"counter_icon":"bi bi-bezier","counter_number":"210","counter_title":"Clients and partners"}},"96c234b5-9701-44d0-a74e-5b1d8263ea89":{"type":"single_item","settings":{"counter_icon":"bi bi-cup","counter_number":"18","counter_title":"Show room"}},"2d257d90-d6d7-4f8a-95f7-0b9a1c54535d":{"type":"single_item","settings":{"counter_icon":"bi bi-receipt","counter_number":"17","counter_title":"Billon sales"}}},"block_order":["6d7fce45-d8dc-435d-bc5d-d5bb18f1e94b","5e29cbc5-8e72-4b64-b126-6cdd68c9cc16","96c234b5-9701-44d0-a74e-5b1d8263ea89","2d257d90-d6d7-4f8a-95f7-0b9a1c54535d"],"settings":{"counter_area_padding_top":100,"counter_area_padding_bottom":0,"counter_area_padding_top_ip":80,"counter_area_padding_bottom_ip":0,"counter_area_padding_top_xs":60,"counter_area_padding_bottom_xs":0,"counter_bgcolor":"#FFFFFF","counter_bgcolor_enable":true}},"our-team2":{"type":"our-team2","blocks":{"e5f5dca0-65ab-4b4e-9eb2-089e01178f6c":{"type":"our-vision","settings":{"member_img":"shopify:\/\/shop_images\/1.jpg","member_name":"Nina theresa","member_position":"Managing director","member_desc":"Vestibulum porttitor egestas orci, vitae ullamcorper risus rutrum massa quis."}},"be7b01c8-fee3-4f39-8213-01b2855b5ba5":{"type":"our-vision","settings":{"member_img":"shopify:\/\/shop_images\/2_9badf75a-8028-41e9-9862-77ce2ddb4123.jpg","member_name":"Maudud hossain","member_position":"Programmer","member_desc":"Vestibulum porttitor egestas orci, vitae ullamcorper risus rutrum massa quis."}},"ca67ee35-fe9c-4873-b5cf-f320190f9312":{"type":"our-vision","settings":{"member_img":"shopify:\/\/shop_images\/3_c4ef4e55-f93b-4c46-b240-2beba3fef3b8.jpg","member_name":"Calista rose","member_position":"Manager","member_desc":"Vestibulum porttitor egestas orci, vitae ullamcorper risus rutrum massa quis."}},"dfa97854-0eac-436e-9286-f30b5154495f":{"type":"our-vision","settings":{"member_img":"shopify:\/\/shop_images\/4_f369efbc-aace-4d74-9c38-7e6b093ef383.jpg","member_name":"James micky","member_position":"Designer","member_desc":"Vestibulum porttitor egestas orci, vitae ullamcorper risus rutrum massa quis."}}},"block_order":["e5f5dca0-65ab-4b4e-9eb2-089e01178f6c","be7b01c8-fee3-4f39-8213-01b2855b5ba5","ca67ee35-fe9c-4873-b5cf-f320190f9312","dfa97854-0eac-436e-9286-f30b5154495f"],"settings":{"abt_team_2_padding_top":100,"abt_team_2_padding_bottom":100,"abt_team_2_padding_top_ip":80,"abt_team_2_padding_bottom_ip":80,"abt_team_2_padding_top_xs":60,"abt_team_2_padding_bottom_xs":60,"abt_team_2_bgcolor":"#ffffff","abt_team_2_bgcolor_enable":true,"our_team_title":"Our team","our_team_desc":"Lorem Ipsum is printing & typesetting industry's standard dummy text since texts"}}},"order":["about-template2","counter-up","our-team2"]}