{"sections":{"faq":{"type":"faq","blocks":{"6797f5e5-bb42-4949-96bd-75429556565e":{"type":"accordion_area","settings":{"accordion_title":"What is Lorem Ipsum?","accordion_ans1":"Lorem Ipsum is simply dummy text of the printing and typesetting industry.","accordion_ans2":"Lorem Ipsum has been the industry's standard dummy text ever since the 1500s, when an unknown printer took a galley of type and scrambled it to make a type specimen book."}},"f4a85312-4ff9-461c-9c36-4e5dcb8f34c0":{"type":"accordion_area","settings":{"accordion_title":"Why do we use it?","accordion_ans1":"The point of using Lorem Ipsum is that it has a more-or-less normal distribution of letters, as opposed to using 'Content here, content here', making it look like readable English.","accordion_ans2":"Many desktop publishing packages and web page editors now use Lorem Ipsum as their default model text, and a search for 'lorem ipsum' will uncover many web sites still in their infancy."}},"d23b6659-ab22-4ba9-90ef-cdb381608cf0":{"type":"accordion_area","settings":{"accordion_title":"Where can I get some?","accordion_ans1":"There are many variations of passages of Lorem Ipsum available, but the majority have suffered alteration in some form, by injected humour, or randomised words which don't look even slightly believable.","accordion_ans2":"If you are going to use a passage of Lorem Ipsum, you need to be sure there isn't anything embarrassing hidden in the middle of text."}}},"block_order":["6797f5e5-bb42-4949-96bd-75429556565e","f4a85312-4ff9-461c-9c36-4e5dcb8f34c0","d23b6659-ab22-4ba9-90ef-cdb381608cf0"],"settings":{"faq_padding_top":100,"faq_padding_bottom":100,"faq_padding_top_ip":80,"faq_padding_bottom_ip":80,"faq_padding_top_xs":60,"faq_padding_bottom_xs":60,"faq_bgcolor":"#ffffff","faq_bgcolor_check":true,"faq_title":"Faq's","faq_desc":"Below are frequently asked questions, you may find the answer for yourself","faq_banner_img":"shopify:\/\/shop_images\/790X790.jpg"}},"help-desk":{"type":"help-desk","blocks":{"49642679-c562-41f2-9cb5-10a88ce1108d":{"type":"help_desk","settings":{"help_desk_icon":"bi bi-telephone-inbound","help_desk_title":"Help desk support","help_desk_desc":"Lorem ipsum is simply dummy text of the simply dummy typesetting industry ipsum."}},"7c9ee9d9-43d0-4f1c-9efe-73eeb9d0700c":{"type":"help_desk","settings":{"help_desk_icon":"bi bi-people","help_desk_title":"Live Chat Support","help_desk_desc":"Lorem ipsum is simply dummy text of the simply dummy typesetting industry ipsum."}}},"block_order":["49642679-c562-41f2-9cb5-10a88ce1108d","7c9ee9d9-43d0-4f1c-9efe-73eeb9d0700c"],"settings":{"help_desk_padding_top":100,"help_desk_padding_bottom":100,"help_desk_padding_top_ip":80,"help_desk_padding_bottom_ip":80,"help_desk_padding_top_xs":60,"help_desk_padding_bottom_xs":60,"help_desk_bgcolor":"#f7f7f7","help_desk_bgcolor_check":true}},"return-policy":{"type":"return-policy","blocks":{"d9cde37d-c80e-4123-a27f-653ee5de6edb":{"type":"return-policy","settings":{"ret_policy_que":"What is Lorem Ipsum?","ret_policy_ans1":"It has survived not only five centuries, but also the leap into electronic typesetting, remaining essentially unchanged.","ret_policy_ans2":"It was popularised in the 1960s with the release of Letraset sheets containing Lorem Ipsum passages, and more recently with desktop publishing software like Aldus PageMaker including versions of Lorem Ipsum."}},"63d5fe3a-2142-418b-a94b-f5736c875081":{"type":"return-policy","settings":{"ret_policy_que":"Why do we use it?","ret_policy_ans1":"Various versions have evolved over the years, sometimes by accident, sometimes on purpose (injected humour and the like).","ret_policy_ans2":"Many desktop publishing packages and web page editors now use Lorem Ipsum as their default model text, and a search for 'lorem ipsum' will uncover many web sites still in their infancy."}},"38b4f57d-95d2-4567-adae-42c89f96e26f":{"type":"return-policy","settings":{"ret_policy_que":"Where can I get some?","ret_policy_ans1":"It uses a dictionary of over 200 Latin words, combined with a handful of model sentence structures, to generate Lorem Ipsum which looks reasonable.","ret_policy_ans2":"The generated Lorem Ipsum is therefore always free from repetition, injected humour, or non-characteristic words etc."}},"0ed374a2-4e53-4072-bfec-75bb94ffdad8":{"type":"return-policy","settings":{"ret_policy_que":"Where does it come from?","ret_policy_ans1":"Richard McClintock, a Latin professor at Hampden-Sydney College in Virginia, looked up one of the more obscure Latin words, consectetur, from a Lorem Ipsum passage, and going through the cites of the word in classical literature, discovered the undoubtable source.","ret_policy_ans2":""}},"2f0403ad-d8f3-4437-aa83-0936c4b4f499":{"type":"return-policy","settings":{"ret_policy_que":"What is Lorem Ipsum?","ret_policy_ans1":"Lorem Ipsum has been the industry's standard dummy text ever since the 1500s, when an unknown printer took a galley of type and scrambled it to make a type specimen book.","ret_policy_ans2":""}},"3e716419-a65f-4e36-a7da-d016f574c70c":{"type":"return-policy","settings":{"ret_policy_que":"Where does it come from?","ret_policy_ans1":"It has roots in a piece of classical Latin literature from 45 BC, making it over 2000 years old.","ret_policy_ans2":""}}},"block_order":["d9cde37d-c80e-4123-a27f-653ee5de6edb","63d5fe3a-2142-418b-a94b-f5736c875081","38b4f57d-95d2-4567-adae-42c89f96e26f","0ed374a2-4e53-4072-bfec-75bb94ffdad8","2f0403ad-d8f3-4437-aa83-0936c4b4f499","3e716419-a65f-4e36-a7da-d016f574c70c"],"settings":{"ret_policy_padding_top":100,"ret_policy_padding_bottom":100,"ret_policy_padding_top_ip":80,"ret_policy_padding_bottom_ip":80,"ret_policy_padding_top_xs":60,"ret_policy_padding_bottom_xs":60,"ret_policy_bgcolor":"#FFFFFF","ret_policy_bgcolor_check":true,"ret_policy_title":"Return policy","ret_policy_desc":"Lorem Ipsum is printing & typesetting industry's standard dummy text since texts"}}},"order":["faq","help-desk","return-policy"]}