{"sections":{"product-template2":{"type":"product-template2","blocks":{"product_title":{"type":"product_title","settings":{}},"product_price":{"type":"product_price","settings":{}},"product_review":{"type":"product_review","settings":{}},"product_stock_inventory":{"type":"product_stock_inventory","settings":{}},"product_timer":{"type":"product_timer","settings":{}},"product_short_desc":{"type":"product_short_desc","settings":{}},"product_variant_picker":{"type":"product_variant_picker","settings":{}},"product_quantity_selector":{"type":"product_quantity_selector","settings":{}},"product_buy_buttons":{"type":"product_buy_buttons","settings":{}},"product_sku":{"type":"product_sku","settings":{}},"product_social":{"type":"product_social","settings":{}},"product_payment":{"type":"product_payment","settings":{}}},"block_order":["product_title","product_price","product_review","product_stock_inventory","product_timer","product_short_desc","product_variant_picker","product_quantity_selector","product_buy_buttons","product_sku","product_social","product_payment"],"settings":{}},"product-reviews":{"type":"product-reviews","settings":{}},"related-product":{"type":"related-product","settings":{}},"recently-viewed":{"type":"recently-viewed","settings":{}}},"order":["product-template2","product-reviews","related-product","recently-viewed"]}