{"sections":{"product-template":{"type":"product-template","blocks":{"product_title":{"type":"product_title","settings":{}},"product_price":{"type":"product_price","settings":{}},"product_review":{"type":"product_review","settings":{}},"product_stock_inventory":{"type":"product_stock_inventory","settings":{"stock_label_hurry_text":"Hurry up! only","stock_label_unfortunately_text":"Unfortunately","stock_left_text":"products left in stock!","availability_title":"Availability:","in_stock_title":"In stock","out_of_stock_title":"Out of stock"}},"product_timer":{"type":"product_timer","settings":{}},"product_short_desc":{"type":"product_short_desc","settings":{}},"product_variant_picker":{"type":"product_variant_picker","settings":{"product_variant_handle":"product_variant_swatch_option","product_variant_color_image_enable":true}},"product_quantity_selector":{"type":"product_quantity_selector","settings":{"qty_title":"Quantity:"}},"product_buy_buttons":{"type":"product_buy_buttons","settings":{"buy_now_title":"Buy now","affiliate_cart_button_title":"Buy from amazon","affiliate_cart_button_color":"#EB592C"}},"product_sku":{"type":"product_sku","settings":{"product_sku_title":"SKU:"}},"product_social":{"type":"product_social","settings":{"social_share_title":"Share:"}},"product_payment":{"type":"product_payment","settings":{}}},"block_order":["product_title","product_price","product_review","product_stock_inventory","product_timer","product_short_desc","product_variant_picker","product_quantity_selector","product_buy_buttons","product_sku","product_social","product_payment"],"settings":{"pro_detail_padding_top":100,"pro_detail_padding_bottom":0,"pro_detail_padding_top_ip":80,"pro_detail_padding_bottom_ip":0,"pro_detail_padding_top_xs":60,"pro_detail_padding_bottom_xs":0,"pro_detail_bgcolor":"#FFFFFF","pro_detail_bgcolor_enable":true,"product_pos":"left","product_pos_sticky_enable":true,"product_img_pos":"bottom","slider_arrow_enable":true,"zoom_enable":true,"next_prev_enable":true,"next_prev_handle":"text","product_prev_title":"Prev","product_next_title":"Next","product_content_position":"regular"}},"single-product-tab":{"type":"single-product-tab","blocks":{"90cd03f4-eaa2-4978-8e8b-217baf3f7135":{"type":"product_desc","settings":{"product_info_tab_title":"Description"}},"037d6ad0-75d3-4243-a484-496b5e7d0f8b":{"type":"product_add_info","settings":{"product_add_info_tab_title":"Additional-info"}},"84c6a063-5c59-45e0-8b25-01cffb083e8a":{"type":"product_custom_content","settings":{"product_custom_tab_title":"Other-content"}},"92af58a2-6777-4d8b-b2b6-8f1378562830":{"type":"product_review_form","settings":{"product_review_tab_title":"Reviews"}},"f0778119-6ba0-44a9-8a1c-c4219bb9a2f6":{"type":"product_video","settings":{"product_video_title":"Video"}},"5dbafcfe-cede-4dc4-8d9f-98a8cba85be7":{"type":"product_fb_comment","settings":{"product_comments_title":"Comments","facebook_comments_post_limit":"10"}}},"block_order":["90cd03f4-eaa2-4978-8e8b-217baf3f7135","037d6ad0-75d3-4243-a484-496b5e7d0f8b","84c6a063-5c59-45e0-8b25-01cffb083e8a","92af58a2-6777-4d8b-b2b6-8f1378562830","f0778119-6ba0-44a9-8a1c-c4219bb9a2f6","5dbafcfe-cede-4dc4-8d9f-98a8cba85be7"],"settings":{"product_tab_enable":true,"product_detail_tab_padding_top":100,"product_detail_tab_padding_bottom":0,"product_detail_tab_padding_top_ip":80,"product_detail_tab_padding_bottom_ip":0,"product_detail_tab_padding_top_xs":60,"product_detail_tab_padding_bottom_xs":0,"product_detail_tab_bgcolor":"#FFFFFF","product_detail_tab_bgcolor_enable":true,"product_detail_tab_border":1,"product_detail_tab_border_color":"#E2E2E2","product_detail_tab_border_enable":false,"product_detail_tab_option":"horizontal_tab"}},"related-product":{"type":"related-product","settings":{"related_products_enable":true,"related_padding_top":100,"related_padding_bottom":100,"related_padding_top_ip":80,"related_padding_bottom_ip":80,"related_padding_top_xs":60,"related_padding_bottom_xs":60,"related_bgcolor":"#FFFFFF","related_bgcolor_enable":true,"related_border":1,"related_border_color":"#E2E2E2","related_border_enable":false,"related_title":"Related product","related_desc":"Lorem Ipsum is printing & typesetting industry's standard dummy text since texts","related_product_limit_handle":"6","related_product_col":"1","related_product_limit":"4"}},"recently-viewed":{"type":"recently-viewed","settings":{"recent_view_product_enable":true,"recent_padding_top":100,"recent_padding_bottom":100,"recent_padding_top_ip":80,"recent_padding_bottom_ip":80,"recent_padding_top_xs":60,"recent_padding_bottom_xs":60,"recent_bgcolor":"#FFFFFF","recent_bgcolor_enable":true,"recent_border":1,"recent_border_color":"#E2E2E2","recent_border_enable":true,"recent_title":"Recently viewed","recent_desc":"Lorem Ipsum is printing & typesetting industry's standard dummy text since texts","recent_product_limit_handle":"4"}}},"order":["product-template","single-product-tab","related-product","recently-viewed"]}