[{"name":"theme_info","logo":"https:\/\/cdn.shopify.com\/s\/files\/1\/0044\/8964\/2057\/files\/logo_300x300.jpg?v=1537008425","settings":[{"type":"header","content":"Mitho"},{"type":"paragraph","content":"v1.0.0"},{"type":"paragraph","content":"If you have any questions, please do not hesitate to use our support forum. [Create Support](https:\/\/spacingtech.com\/support-center\/)"}]},{"name":"Header Settings","settings":[{"type":"header","content":"Vegamenu"},{"type":"checkbox","id":"collection_img_enable","label":"Show Image","default":true,"info":"It's option for 'Image' which show in 'Vegamenu'"},{"type":"checkbox","id":"vegamenu_enable","label":"Show Vegamenu","default":false},{"type":"header","content":"Contact Number"},{"type":"checkbox","id":"header_contact_number_enable","label":"Show Contact Number","default":false}]},{"name":"Colors","settings":[{"type":"header","content":"General colors"},{"type":"color","id":"color_primary","label":"Primary Color","default":"#91C4B1"},{"type":"color","id":"color_secondary","label":"Secondary Color","default":"#333333"},{"type":"header","content":"Body Color"},{"type":"color","id":"body_text_color","label":"Text Color","default":"#6F6F6F"},{"type":"color","id":"body_bgcolor","label":"Background Color","default":"#FFFFFF"},{"type":"header","content":"Heading Color"},{"type":"color","id":"heading_text_color","label":"Text Color","default":"#333333"},{"type":"header","content":"Section Heading Color"},{"type":"color","id":"section_heading_text_color","label":"Text Color","default":"#333333"},{"type":"header","content":"Paragraph Color"},{"type":"color","id":"para_text_color","label":"Text Color","default":"#6F6F6F"}]},{"name":"Typography","settings":[{"type":"header","content":"Body Font Family"},{"type":"font_picker","label":"Font Family","id":"body_font_handle","default":"poppins_n4"},{"type":"header","content":"Body Custom Font Family"},{"type":"checkbox","id":"body_custom_font_handle_enable","label":"Use Custom Font","default":false},{"type":"textarea","id":"body_custom_font_handle","label":"Custom Font","info":"[Find more Google fonts](https:\/\/fonts.google.com)","default":"Poppins"},{"type":"range","id":"body_custom_font_weight","label":"Font Weight","min":100,"max":900,"step":100,"default":400},{"type":"select","id":"body_custom_font_style","label":"Font Style","options":[{"label":"Italic","value":"italic"},{"label":"Normal","value":"normal"},{"label":"Oblique","value":"oblique"},{"label":"Unset","value":"unset"}],"default":"normal"},{"type":"header","content":"Body Common Propoerty"},{"type":"range","id":"body_font_size","label":"Font Size","min":13,"max":20,"step":1,"unit":"px","default":14},{"type":"range","id":"body_letter_spacing","label":"Font Letter-spacing","min":0.0,"max":1.0,"step":0.1,"unit":"px","default":0.5},{"type":"header","content":"Heading Font Family"},{"type":"font_picker","label":"Font Family","id":"header_font_handle","default":"poppins_n6"},{"type":"header","content":"Heading Custom Font Family"},{"type":"checkbox","id":"header_custom_font_handle_enable","label":"Use Custom Font","default":false},{"type":"textarea","id":"header_custom_font_handle","label":"Custom Font","info":"[Find more Google fonts](https:\/\/fonts.google.com)","default":"Poppins"},{"type":"range","id":"header_custom_font_weight","label":"Font Weight","min":100,"max":900,"step":100,"default":600},{"type":"select","id":"header_custom_font_style","label":"Font Style","options":[{"label":"Italic","value":"italic"},{"label":"Normal","value":"normal"},{"label":"Oblique","value":"oblique"},{"label":"Unset","value":"unset"}],"default":"normal"},{"type":"header","content":"Section Heading Font Family"},{"type":"font_picker","label":"Font Family","id":"section_header_font_handle","default":"poppins_n6"},{"type":"header","content":"Section Heading Custom Font Family"},{"type":"checkbox","id":"section_header_custom_font_handle_enable","label":"Use Custom Font","default":false},{"type":"textarea","id":"section_header_custom_font_handle","label":"Custom Font","info":"[Find more Google fonts](https:\/\/fonts.google.com)","default":"Poppins"},{"type":"range","id":"section_header_custom_font_weight","label":"Font Weight","min":100,"max":900,"step":100,"default":600},{"type":"select","id":"section_header_custom_font_style","label":"Font Style","options":[{"label":"Italic","value":"italic"},{"label":"Normal","value":"normal"},{"label":"Oblique","value":"oblique"},{"label":"Unset","value":"unset"}],"default":"normal"},{"type":"header","content":"Section Heading Common Propoerty"},{"type":"select","id":"section_header_text_transform","label":"Text Property","options":[{"label":"Capitalize","value":"capitalize"},{"label":"Lowercase","value":"lowercase"},{"label":"Uppercase","value":"uppercase"},{"label":"None","value":"none"}],"default":"none"},{"type":"range","id":"section_header_letter_spacing","label":"Letter Spacing","min":0.0,"max":1.0,"step":0.1,"unit":"px","default":0.5},{"type":"header","content":"Paragraph Font Family"},{"type":"font_picker","id":"paragraph_font_handle","label":"Font Family","default":"poppins_n4"},{"type":"header","content":"Paragraph Custom Font Family"},{"type":"checkbox","id":"paragraph_custom_font_handle_enable","label":"Use Custom Font","default":false},{"type":"textarea","id":"paragraph_custom_font_handle","label":"Custom Font","info":"[Find more Google fonts](https:\/\/fonts.google.com)","default":"Poppins"},{"type":"range","id":"paragraph_custom_font_weight","label":"Font Weight","min":100,"max":900,"step":100,"default":400},{"type":"select","id":"paragraph_custom_font_style","label":"Font Style","options":[{"label":"Italic","value":"italic"},{"label":"Normal","value":"normal"},{"label":"Oblique","value":"oblique"},{"label":"Unset","value":"unset"}],"default":"normal"},{"type":"header","content":"Paragraph Common Propoerty"},{"type":"range","id":"paragraph_font_line_height","label":"Font Line Height","min":20,"max":25,"step":1,"unit":"px","default":25},{"type":"header","content":"Other Font Family"},{"type":"font_picker","id":"other_font_handle","label":"Font Family","default":"poppins_n5"},{"type":"header","content":"Other Custom Font Family"},{"type":"checkbox","id":"other_custom_font_handle_enable","label":"Use Custom Font","default":false},{"type":"textarea","id":"other_custom_font_handle","label":"Custom Font","info":"[Find more Google fonts](https:\/\/fonts.google.com)","default":"Poppins"}]},{"name":"RTL Version","settings":[{"type":"header","content":"RTL Version Enable"},{"type":"checkbox","id":"enable_rtl","label":"RTL Enable","default":false}]},{"name":"Box Version","settings":[{"type":"header","content":"Box Version Enable"},{"type":"checkbox","id":"enable_box","label":"Box Enable","default":false},{"type":"header","content":"Box Background Property"},{"type":"image_picker","id":"box_body_bgimg","label":"Background Image","info":"Recommended Size: 1920px x 4000px"},{"type":"checkbox","id":"box_body_bgimg_enable","label":"Show Box Background Image","default":true},{"type":"color","id":"box_body_bgcolor","label":"Background Color","default":"#F6F6F6"},{"type":"checkbox","id":"box_body_boxshadow_enable","label":"Show Box-shadow","default":true}]},{"name":"Google Analytics","settings":[{"type":"header","content":"Google Analytics"},{"type":"checkbox","id":"google_analytic_enable","label":"Enable Google Analytics","default":false},{"type":"text","id":"google_tracking_id","label":"Tracking Id","default":"UA-110326897-1","info":"Get Tracking Id [here](https:\/\/analytics.google.com\/)"}]},{"name":"Preloader","settings":[{"type":"header","content":"Preloader Settings"},{"type":"checkbox","id":"enable_preloader","label":"Preloader Enable","default":false},{"type":"select","id":"preloader_style","label":"Preloader Style","options":[{"value":"Style_1","label":"Style 1"},{"value":"Style_2","label":"Style 2"},{"value":"Style_3","label":"Style 3"},{"value":"Style_4","label":"Style 4"},{"value":"Style_5","label":"Style 5"},{"value":"Style_6","label":"Style 6"},{"value":"Style_7","label":"Style 7"},{"value":"Style_8","label":"Style 8"},{"value":"Style_9","label":"Style 9"},{"value":"Style_10","label":"Style 10"},{"value":"Style_11","label":"Style 11"},{"value":"Style_12","label":"Style 12"},{"value":"Style_13","label":"Style 13"},{"value":"Style_14","label":"Style 14"},{"value":"Style_15","label":"Style 15"},{"value":"Style_16","label":"Style 16"},{"value":"Style_17","label":"Style 17"},{"value":"Style_18","label":"Style 18"},{"value":"Style_19","label":"Style 19"}],"default":"Style_15"},{"type":"color","id":"preloader_bg","label":"Preloader Background","default":"#ffffff"},{"type":"color","id":"preloader_color","label":"Effect Color","default":"#FF7F00"},{"type":"paragraph","content":"Border color and border width need to be ( Style 3, Style 4, Style 17, Style 18, Style 20 )"},{"type":"paragraph","content":"When you would use border color when Effect color to be transparent"},{"type":"color","id":"preloader_border_color","label":"Border Color","default":"#ffffff"},{"type":"text","id":"preloader_border_width","label":"Border Width","default":"4px"}]},{"name":"Section Title Image","settings":[{"type":"image_picker","id":"section_title_img","label":"Title Image","info":"Recommended Size: 56px x 68px"}]},{"name":"Input, Select, Textarea Type","settings":[{"type":"header","content":"Tag Propoerty"},{"type":"color","id":"tag_color","label":"Text Color","default":"#333333"},{"type":"range","id":"tag_font_size","label":"Font Size","min":12,"max":15,"step":1,"unit":"px","default":14},{"type":"color","id":"tag_bgcolor","label":"Background Color","default":"#ffffff"},{"type":"radio","id":"tag_text_transform","label":"Text Property","options":[{"label":"Capitalize","value":"capitalize"},{"label":"Lowercase","value":"lowercase"},{"label":"None","value":"none"},{"label":"Uppercase","value":"uppercase"}],"default":"none"},{"type":"range","id":"tag_font_weight","label":"Font Weight","min":300,"max":600,"step":100,"default":400},{"type":"color","id":"tag_border_color","label":"Border Color","default":"#e2e2e2"},{"type":"range","id":"tag_border_radius","label":"Border Radius","min":0,"max":25,"step":1,"unit":"px","default":0}]},{"name":"Newsletter Popup","settings":[{"type":"header","content":"Newsletter"},{"type":"textarea","id":"newsletter_action","label":"MailChimp form action URL","info":"[Where do I find my MailChimp form action URL?](http:\/\/docs.shopify.com\/support\/configuration\/store-customization\/where-do-i-get-my-mailchimp-form-action)"},{"type":"checkbox","id":"newsletter_popup_enable","label":"Newsletter Popup Enable","default":true},{"type":"checkbox","id":"one_day_popup_enable","label":"Show Popup one time for per day","default":true},{"type":"header","content":"Close Button Property"},{"type":"color","id":"popup_close_button_color","label":"Color","default":"#fff"},{"type":"color","id":"popup_close_button_bgcolor","label":"Background Color","default":"#91C4B1"},{"type":"color","id":"popup_close_button_hvr_color","label":"Hover Color","default":"#fff"},{"type":"color","id":"popup_close_button_hvr_bgcolor","label":"Hover Background Color","default":"#333333"},{"type":"header","content":"Newsletter Content"},{"type":"image_picker","id":"newsletter_bgimg","label":"Background Image","info":"Recommended Size: 650px x 350px"},{"type":"checkbox","id":"newsletter_bgimg_enable","label":"Show Background Image","default":false},{"type":"color","id":"newsletter_bgcolor","label":"Background Color","default":"#fff"},{"type":"text","id":"newsletter_popup_subtitle","label":"Sub Title","default":"Sign up to our"},{"type":"text","id":"newsletter_popup_title","label":"Title","default":"Newsletter"},{"type":"textarea","id":"newsletter_text","label":"Description","default":"For get special offers and other information"},{"type":"text","id":"email_placeholder","label":"Email Placeholer","default":"Enter your email"},{"type":"color","id":"input_placeholder_color","label":"Input Text Color","default":"#222222"},{"type":"textarea","id":"newsletter_success_text","label":"Newsletter Success Text","default":"Thank you for subscribe use this code for first order"},{"type":"text","id":"newsletter_coupan_code","label":"Coupan Code","default":"20% off"}]},{"name":"Top Notification Bar","settings":[{"type":"checkbox","id":"topbar_notification_enable","label":"Show Notification Bar in Top","default":false},{"type":"header","content":"Topbar Notification Property"},{"type":"color","id":"topbar_notification_bg_color","label":"Background Color","default":"#91C4B1"},{"type":"radio","id":"topbar_notification_content_border","label":"Notification Content Border","options":[{"label":"Full Border","value":"full_border"},{"label":"Short Border","value":"short_border"}],"default":"full_border"},{"type":"color","id":"topbar_notification_content_border_color","label":"Border Color","default":"#e2e2e2"},{"type":"checkbox","id":"topbar_notification_content_border_enable","label":"Show Notification Content Border","default":false},{"type":"header","content":"Topbar Notification Content"},{"type":"select","id":"topbar_notification_content","label":"Notification Content","options":[{"label":"Welcome text","value":"welcome_text"},{"label":"Offer link","value":"offer_link"},{"label":"Coupan text","value":"coupan_text"}],"default":"coupan_text"},{"type":"checkbox","id":"topbar_notification_content_enable","label":"Show Notification Content On Mobile","default":true},{"type":"header","content":"Welcome Store"},{"type":"text","id":"topbar_notification_welcome_text1","label":"Welcome Text","default":"Welcome to"},{"type":"text","id":"topbar_notification_store_name","label":"Other Store Name Text","default":"mitho"},{"type":"checkbox","id":"topbar_notification_store_name_enable","label":"Show Store Name","default":false},{"type":"text","id":"topbar_notification_welcome_text2","label":"Store Text","default":"store"},{"type":"color","id":"topbar_notification_text_color","label":"Text Color","default":"#FFFFFF"},{"type":"color","id":"topbar_notification_text_main_color","label":"Store Name Color","default":"#FFFFFF"},{"type":"range","id":"topbar_notification_text_main_weight","label":"Store Name Font Weight","min":400,"max":600,"step":100,"default":400},{"type":"select","id":"topbar_notification_welcome_text_transform","label":"Text Property","options":[{"label":"Capitalize","value":"capitalize"},{"label":"Lowercase","value":"lowercase"},{"label":"None","value":"none"},{"label":"Uppercase","value":"uppercase"}],"default":"none"},{"type":"header","content":"Offer Text Link"},{"type":"text","id":"topbar_notification_offer_text","label":"Offer Text","default":"Sale is on now"},{"type":"text","id":"topbar_notification_offer_link_text","label":"Link Text","default":"shop now"},{"type":"url","id":"topbar_notification_offer_link_url","label":"Link URL"},{"type":"color","id":"topbar_notification_shop_link_text_color","label":"Offer Text Color","default":"#FFFFFF"},{"type":"color","id":"topbar_notification_shop_link_url_color","label":"Link Text Color","default":"#FFFFFF"},{"type":"range","id":"topbar_notification_shop_link_url_weight","label":"Link Text Font Weight","min":400,"max":600,"step":100,"default":400},{"type":"select","id":"topbar_notification_offer_text_transform","label":"Text Property","options":[{"label":"Capitalize","value":"capitalize"},{"label":"Lowercase","value":"lowercase"},{"label":"None","value":"none"},{"label":"Uppercase","value":"uppercase"}],"default":"none"},{"type":"header","content":"Coupan Code Text"},{"type":"text","id":"topbar_notification_coupan_text","label":"Coupan Text","default":"Get 20% off your first order:"},{"type":"text","id":"topbar_notification_coupan_code","label":"Coupan Code","default":"20%OFF"},{"type":"color","id":"topbar_notification_coupan_text_color","label":"Coupan Text Color","default":"#FFFFFF"},{"type":"color","id":"topbar_notification_coupan_code_color","label":"Coupan Code Color","default":"#FFFFFF"},{"type":"range","id":"topbar_notification_coupan_code_weight","label":"Coupan Code Font Weight","min":400,"max":600,"step":100,"default":400},{"type":"select","id":"topbar_notification_coupan_text_transform","label":"Text Property","options":[{"label":"Capitalize","value":"capitalize"},{"label":"Lowercase","value":"lowercase"},{"label":"None","value":"none"},{"label":"Uppercase","value":"uppercase"}],"default":"none"}]},{"name":"Currency Option","settings":[{"type":"header","content":"Currency"},{"type":"checkbox","id":"multi_currency_enable","label":"Show Currency","default":true},{"type":"header","content":"Currency Flags"},{"type":"checkbox","id":"multi_currency_flags_enable","label":"Show Currency Flags","default":false},{"type":"image_picker","id":"multi_currency_flags_img","label":"Currency Flags Image","info":"Recommended Size: 272px x 176px"},{"type":"checkbox","id":"multi_currency_name_enable","label":"Show Currency Name","default":false},{"type":"checkbox","id":"multi_currency_iso_code_enable","label":"Show Currency 'ISO-CODE'","default":true},{"type":"checkbox","id":"multi_currency_symbol_enable","label":"Show Currency Symbol","default":true}]},{"name":"For Account","settings":[{"type":"header","content":"My Account Info"},{"type":"paragraph","content":"My account title"},{"type":"text","id":"my_acc_title","label":"Title","default":"My account"},{"type":"header","content":"When Account Is Login"},{"type":"paragraph","content":"Login title"},{"type":"text","id":"acc_login_title","label":"Title","default":"Log in"},{"type":"paragraph","content":"Register title"},{"type":"text","id":"acc_register_title","label":"Title","default":"Register"},{"type":"header","content":"When Account Is Not Login"},{"type":"paragraph","content":"Account title"},{"type":"text","id":"acc_title","label":"Title","default":"Account"},{"type":"paragraph","content":"Logout title"},{"type":"text","id":"acc_logout_title","label":"Title","default":"Logout"}]},{"name":"Company Logo","settings":[{"type":"header","content":"Header Logo"},{"type":"range","id":"logo_header_max_width","min":75,"max":150,"step":1,"unit":"px","label":"Logo Width","default":105},{"type":"text","id":"logo_header_svg_url","label":"Logo SVG URL","placeholder":"logo.svg","info":"[Upload 'logo.svg' file to Files](\/admin\/settings\/files) and copy logo svg file name and paste above input filed."},{"type":"html","id":"logo_header_svg_code","label":"Logo SVG Code","placeholder":"<svg><\/svg>","info":"Put svg code here start-with '<svg>' & end-with '<\/svg>'."},{"type":"image_picker","id":"logo_header","label":"Logo Image","info":"Recommended Size: 105px x 22px"},{"type":"header","content":"Footer Logo"},{"type":"range","id":"logo_footer_max_width","min":75,"max":150,"step":1,"unit":"px","label":"Logo Width","default":105},{"type":"text","id":"logo_footer_svg_url","label":"Logo SVG URL","placeholder":"logo.svg","info":"[Upload 'logo.svg' file to Files](\/admin\/settings\/files) and copy logo svg file name and paste above input filed."},{"type":"html","id":"logo_footer_svg_code","label":"Logo SVG Code","placeholder":"<svg><\/svg>","info":"Put svg code here start-with '<svg>' & end-with '<\/svg>'."},{"type":"image_picker","id":"logo_footer","label":"Logo Image","info":"Recommended Size: 105px x 22px"},{"type":"header","content":"Company Address"},{"type":"text","id":"add_icon","label":"Icon Class","default":"bi bi-geo"},{"type":"text","id":"add1","label":"Store Address Line1","default":"7882 Rd Reliance GIDC,"},{"type":"text","id":"add2","label":"Store Address Line2","default":"Park Chock, New York"},{"type":"text","id":"con_icon","label":"Icon Class","default":"bi bi-telephone"},{"type":"text","id":"contact","label":"store contant","default":"(+33) 1 23 45 67 89"},{"type":"text","id":"mail_icon","label":"Icon Class","default":"bi bi-envelope"},{"type":"text","id":"email","label":"store email","default":"demo@demo.com"}]},{"name":"Favicon","settings":[{"type":"text","id":"favicon_svg_url","label":"Favicon SVG URL","placeholder":"favicon.svg","info":"[Upload 'favicon.svg' file to Files](\/admin\/settings\/files) and copy favicon svg file name and paste above input filed. Note that please upload 'SVG' file size 32px x 32px."},{"type":"image_picker","id":"favicon","label":"Favicon Image","info":"Will be scaled down to 32px x 32px"}]},{"name":"Button type","settings":[{"type":"header","content":"Button Style1"},{"type":"color","id":"btn1_color","label":"Button Text Color","default":"#333333"},{"type":"color","id":"btn1_hvr_color","label":"Button Hover Text Color","default":"#FFFFFF"},{"type":"range","id":"btn1_font_size","label":"Button Font Size","min":12,"max":16,"step":1,"unit":"px","default":16},{"type":"range","id":"btn1_padding_top_bottom","label":"Button Padding Top-Bottom","min":8,"max":15,"step":1,"unit":"px","default":12},{"type":"range","id":"btn1_padding_left_right","label":"Button Padding Left-Right","min":25,"max":55,"step":1,"unit":"px","default":40},{"type":"color","id":"btn1_bgcolor","label":"Button Background Color","default":"#FFFFFF"},{"type":"color","id":"btn1_hvr_bgcolor","label":"Button Hover Background Color","default":"#91C4B1"},{"type":"radio","id":"btn1_text_transform","label":"Button Text Property","options":[{"label":"Capitalize","value":"capitalize"},{"label":"Lowercase","value":"lowercase"},{"label":"None","value":"none"},{"label":"Uppercase","value":"uppercase"}],"default":"uppercase"},{"type":"range","id":"btn1_font_weight","label":"Button Font Weight","min":400,"max":600,"step":100,"default":600},{"type":"range","id":"btn1_border","label":"Button Border","min":0,"max":2,"step":1,"unit":"px","default":2},{"type":"select","id":"btn1_border_property","label":"Button Border Property","options":[{"label":"Dotted","value":"dotted"},{"label":"Dashed","value":"dashed"},{"label":"Solid","value":"solid"},{"label":"Double","value":"double"},{"label":"Groove","value":"groove"},{"label":"Ridge","value":"ridge"},{"label":"Inset","value":"inset"},{"label":"Outset","value":"outset"},{"label":"None","value":"none"},{"label":"Hidden","value":"hidden"}],"default":"solid"},{"type":"color","id":"btn1_border_color","label":"Button Border Color","default":"#FFFFFF"},{"type":"color","id":"btn1_border_hvr_color","label":"Button Border Hover Color","default":"#91C4B1"},{"type":"range","id":"btn1_border_radius","label":"Button Border Radius","min":0,"max":50,"step":1,"unit":"px","default":25},{"type":"range","id":"btn1_letter_spacing","label":"Button Letter Spacing","min":0,"max":1,"step":0.1,"unit":"px","default":0.5},{"type":"header","content":"Button Style2"},{"type":"color","id":"btn2_color","label":"Button Text Color","default":"#333333"},{"type":"color","id":"btn2_hvr_color","label":"Button Hover Text Color","default":"#FFFFFF"},{"type":"range","id":"btn2_font_size","label":"Button Font Size","min":12,"max":16,"step":1,"unit":"px","default":14},{"type":"range","id":"btn2_padding_top_bottom","label":"Button Padding Top-Bottom","min":8,"max":15,"step":1,"unit":"px","default":10},{"type":"range","id":"btn2_padding_left_right","label":"Button Padding Left-Right","min":25,"max":55,"step":1,"unit":"px","default":40},{"type":"color","id":"btn2_bgcolor","label":"Button Background Color","default":"#FFFFFF"},{"type":"color","id":"btn2_hvr_bgcolor","label":"Button Hover Background Color","default":"#333333"},{"type":"radio","id":"btn2_text_transform","label":"Button Text Property","options":[{"label":"Capitalize","value":"capitalize"},{"label":"Lowercase","value":"lowercase"},{"label":"None","value":"none"},{"label":"Uppercase","value":"uppercase"}],"default":"uppercase"},{"type":"range","id":"btn2_font_weight","label":"Button Font Weight","min":400,"max":600,"step":100,"default":600},{"type":"range","id":"btn2_border","label":"Button Border","min":0,"max":2,"step":1,"unit":"px","default":2},{"type":"select","id":"btn2_border_property","label":"Button Border Property","options":[{"label":"Dotted","value":"dotted"},{"label":"Dashed","value":"dashed"},{"label":"Solid","value":"solid"},{"label":"Double","value":"double"},{"label":"Groove","value":"groove"},{"label":"Ridge","value":"ridge"},{"label":"Inset","value":"inset"},{"label":"Outset","value":"outset"},{"label":"None","value":"none"},{"label":"Hidden","value":"hidden"}],"default":"solid"},{"type":"color","id":"btn2_border_color","label":"Button Border Color","default":"#333333"},{"type":"color","id":"btn2_border_hvr_color","label":"Button Border Hover Color","default":"#333333"},{"type":"range","id":"btn2_border_radius","label":"Button Border Radius","min":0,"max":50,"step":1,"unit":"px","default":25},{"type":"range","id":"btn2_letter_spacing","label":"Button Letter Spacing","min":0,"max":1,"step":0.1,"unit":"px","default":0.5},{"type":"header","content":"Button Style3"},{"type":"color","id":"btn3_color","label":"Button Text Color","default":"#FFFFFF"},{"type":"color","id":"btn3_hvr_color","label":"Button Hover Text Color","default":"#FFFFFF"},{"type":"range","id":"btn3_font_size","label":"Button Font Size","min":12,"max":16,"step":1,"unit":"px","default":16},{"type":"range","id":"btn3_padding_top_bottom","label":"Button Padding Top-Bottom","min":8,"max":15,"step":1,"unit":"px","default":10},{"type":"range","id":"btn3_padding_left_right","label":"Button Padding Left-Right","min":25,"max":55,"step":1,"unit":"px","default":40},{"type":"color","id":"btn3_bgcolor","label":"Button Background Color","default":"#91C4B1"},{"type":"color","id":"btn3_hvr_bgcolor","label":"Button Hover Background Color","default":"#333333"},{"type":"radio","id":"btn3_text_transform","label":"Button Text Property","options":[{"label":"Capitalize","value":"capitalize"},{"label":"Lowercase","value":"lowercase"},{"label":"None","value":"none"},{"label":"Uppercase","value":"uppercase"}],"default":"uppercase"},{"type":"range","id":"btn3_font_weight","label":"Button Font Weight","min":400,"max":600,"step":100,"default":600},{"type":"range","id":"btn3_border","label":"Button Border","min":0,"max":2,"step":1,"unit":"px","default":0},{"type":"select","id":"btn3_border_property","label":"Button Border Property","options":[{"label":"Dotted","value":"dotted"},{"label":"Dashed","value":"dashed"},{"label":"Solid","value":"solid"},{"label":"Double","value":"double"},{"label":"Groove","value":"groove"},{"label":"Ridge","value":"ridge"},{"label":"Inset","value":"inset"},{"label":"Outset","value":"outset"},{"label":"None","value":"none"},{"label":"Hidden","value":"hidden"}],"default":"solid"},{"type":"color","id":"btn3_border_color","label":"Button Border Color","default":"#91C4B1"},{"type":"color","id":"btn3_border_hvr_color","label":"Button Border Hover Color","default":"#333333"},{"type":"range","id":"btn3_border_radius","label":"Button Border Radius","min":0,"max":50,"step":1,"unit":"px","default":25},{"type":"range","id":"btn3_letter_spacing","label":"Button Letter Spacing","min":0,"max":1,"step":0.1,"unit":"px","default":0.5}]},{"name":"Product Label","settings":[{"type":"header","content":"Label Property"},{"type":"range","id":"label_font_size","label":"Label Font Size","min":0,"max":16,"step":1,"unit":"px","default":12},{"type":"range","id":"label_top_pos","label":"Label Top Position","min":0,"max":20,"step":1,"unit":"px","default":15},{"type":"range","id":"label_width","label":"Label Width","min":0,"max":50,"step":1,"unit":"px","default":50},{"type":"range","id":"label_height","label":"Label Height","min":0,"max":50,"step":1,"unit":"px","default":22},{"type":"select","id":"label_transform","label":"Label Text Property","options":[{"label":"Lowercase","value":"lowercase"},{"label":"Uppercase","value":"uppercase"},{"label":"Capitalize","value":"capitalize"},{"label":"None","value":"none"}],"default":"uppercase"},{"type":"range","id":"label_font_weight","label":"Label Font Weight","min":100,"max":600,"step":100,"default":400},{"type":"range","id":"label_border_radius","label":"Label Border Radius","min":0,"max":25,"step":1,"unit":"px","default":25},{"type":"header","content":"'New \/ Sale' Label"},{"type":"color","id":"new_sale_label_color","label":"Label Color","default":"#FFFFFF"},{"type":"color","id":"new_sale_label_bgcolor","label":"Label Background Color","default":"#FBA832","info":"'New \/ Sale' label title comes from metafield"},{"type":"header","content":"Discount Label"},{"type":"color","id":"discount_label_color","label":"Label Color","default":"#ffffff"},{"type":"color","id":"discount_label_bgcolor","label":"Label Background Color","default":"#333333"},{"type":"checkbox","id":"sale_percent_enable","label":"Show Discount Percent","default":false},{"type":"header","content":"Soldout Label"},{"type":"text","id":"soldout_title","label":"Label Title","default":"Sold"},{"type":"color","id":"solout_label_color","label":"Label Color","default":"#ffffff"},{"type":"color","id":"Label Background Color","label":"Solout Label Background Color","default":"#a00"}]},{"name":"Product Hover Option","settings":[{"type":"header","content":"Product Hover"},{"type":"checkbox","id":"pro_hvr_enable","label":"Show Second Image On Hover","default":true},{"type":"paragraph","content":"This option for product hover if you want to show second image on hover click on above checkbox"}]},{"name":"Product Reviews Option","settings":[{"type":"header","content":"Product Review"},{"type":"checkbox","id":"pro_rew_enable","label":"Show Product Review","info":"Install Free Apps for Product Review [Click Here](https:\/\/apps.shopify.com\/product-reviews)","default":true}]},{"name":"Tooltip","settings":[{"type":"header","content":"Tooltip Title"},{"type":"checkbox","id":"tooltip_enable","label":"Show Tooltip","default":true},{"type":"text","id":"tooltip_add_to_cart_title","label":"Add To Cart Tooltip Title","default":"Add to cart"},{"type":"text","id":"tooltip_wishlist_title","label":"Wishlist Tooltip Title","default":"Wishlist"},{"type":"text","id":"tooltip_quickview_title","label":"Quickview Tooltip Title","default":"Quickview"},{"type":"text","id":"tooltip_soldout_title","label":"Soldout Tooltip Title","default":"Soldout"}]},{"name":"Product Template","settings":[{"type":"header","content":"Action Button"},{"type":"text","id":"cart_button_title","label":"Cart Button Title","default":"Add to cart"},{"type":"text","id":"wait_title","label":"Wait Title","default":"Wait.."},{"type":"text","id":"added_title","label":"Added Title","default":"Added"},{"type":"text","id":"unavailable_title","label":"Unavailable Title","default":"Uavailable"},{"type":"text","id":"soldout_button_title","label":"Soldout Button Title","default":"Not available","info":"When product out of stock then show this title"}]},{"name":"Product Timer","settings":[{"type":"header","content":"Countdown Timer"},{"type":"text","id":"day_title","label":"Day Title","default":"Day"},{"type":"text","id":"hour_title","label":"Hour Title","default":"Hrs"},{"type":"text","id":"minute_title","label":"Minute Title","default":"Min"},{"type":"text","id":"second_title","label":"Second Title","default":"Sec"},{"type":"checkbox","id":"count_text_enable","label":"Show Text","default":true},{"type":"paragraph","content":"Cuntdown timer comes from metafield"}]},{"name":"Product Quickview","settings":[{"type":"checkbox","id":"product_quickview_enalbe","label":"Show Product Quickview","default":true},{"type":"header","content":"Quickview Title"},{"type":"text","id":"quick_view_title","label":"Title","default":"Quickview"},{"type":"header","content":"Quickview Quantity Title"},{"type":"text","id":"quick_view_qty","label":"Title","default":"Quantity:"},{"type":"text","id":"qcv_add_to_cart_text","label":"Add to cart title","default":"Add to cart"},{"type":"text","id":"qcv_cart_added_text","label":"Added title","default":"Added"},{"type":"text","id":"qcv_cart_error_text","label":"Error title","default":"Limit Products"},{"type":"text","id":"qcv_cart_wait_text","label":"Wait title","default":"Wait.."}]},{"name":"For search","settings":[{"type":"header","content":"Search"},{"type":"checkbox","id":"search_enable","label":"Show Search","default":true},{"type":"text","id":"search_bar_placeholder","label":"Placeholder Text","default":"Search product here..."},{"type":"header","content":"Search Autocomplete"},{"type":"text","id":"search_find_text","label":"Find Text","default":"Search for"},{"type":"text","id":"search_find_empty_text","label":"Find Empty Text","default":"No results"},{"type":"text","id":"search_find_url_text","label":"Find URL Text","default":"See all results","info":"When search 'Found'"}]},{"name":"Wishlist","settings":[{"type":"header","content":"Wishlist"},{"type":"checkbox","id":"wishlist_enable","label":"Show Wishlist","default":true},{"type":"text","id":"wishlist_title","label":"Wishlist Title","default":"Wishlist"},{"type":"text","id":"loading_wishlist","label":"Loading Wishlist Title","default":"Loading..."}]},{"name":"Mini Cart","settings":[{"type":"header","content":"When Cart Is Empty"},{"type":"text","id":"empty_cart","label":"Empty Cart","default":"No products in the cart."},{"type":"text","id":"cart_continue_shop","label":"Button Title","default":"Continue shopping"},{"type":"url","id":"cart_continue_shop_link","label":"Button Link"},{"type":"header","content":"When Cart Is Not Empty"},{"type":"text","id":"cart_desc1","label":"Cart Text 1","default":"There are"},{"type":"text","id":"cart_desc2","label":"Cart Text 2","default":"products"},{"type":"text","id":"cart_sub_total","label":"Subtotal Title","default":"Subtotal"},{"type":"checkbox","id":"cart_read_agree_enable","label":"Show 'Read'\/'Agree' Text","default":true},{"type":"text","id":"cart_read_agree_text","label":"Text","default":"I have read and agree with the"},{"type":"text","id":"cart_terms_text","label":"Link Text","default":"terms & condition."},{"type":"url","id":"cart_terms_text_link","label":"Link Text URL"},{"type":"text","id":"cart_view","label":"View-cart Button Title","default":"View cart"},{"type":"text","id":"cart_checkout","label":"Checkout Button Title","default":"Checkout"},{"type":"checkbox","id":"cart_payment_img_enable","label":"Show Cart Payment Image","default":true},{"type":"header","content":"Mini Cart Style"},{"type":"radio","id":"mini_cart_style","label":"Mini Cart Style","options":[{"label":"Hover","value":"style1"},{"label":"Side View","value":"style2"},{"label":"Popup View","value":"style3"},{"label":"Collpase","value":"style4"}],"default":"style2"}]},{"name":"Breadcrumb","settings":[{"type":"checkbox","id":"breadcrumb_banner_enable","label":"Show Breadcrumb","default":true},{"type":"header","content":"Section Padding"},{"type":"paragraph","content":"Desktop \/ Laptop"},{"type":"range","id":"breadcrumb_padding_top","label":"Breadcrumb Padding Top","min":0,"max":100,"step":1,"unit":"px","default":100},{"type":"range","id":"breadcrumb_padding_bottom","label":"Breadcrumb Padding Bottom","min":0,"max":100,"step":1,"unit":"px","default":100},{"type":"paragraph","content":"Ipad pro \/ Ipad"},{"type":"range","id":"breadcrumb_padding_top_ip","label":"Breadcrumb Padding Top","min":0,"max":100,"step":1,"unit":"px","default":80},{"type":"range","id":"breadcrumb_padding_bottom_ip","label":"Breadcrumb Padding Bottom","min":0,"max":100,"step":1,"unit":"px","default":80},{"type":"paragraph","content":"Mobile"},{"type":"range","id":"breadcrumb_padding_top_xs","label":"Breadcrumb Padding Top","min":0,"max":100,"step":1,"unit":"px","default":60},{"type":"range","id":"breadcrumb_padding_bottom_xs","label":"Breadcrumb Padding Bottom","min":0,"max":100,"step":1,"unit":"px","default":60},{"type":"header","content":"Background Image"},{"type":"image_picker","id":"breadcrumb_bgimg","label":"Breadcrumb Background Image","info":"Default Image Size: 1920px X 300px"},{"type":"checkbox","id":"breadcrumb_bgimg_enable","label":"Show Background Image","default":true},{"type":"header","content":"Background Image Overlay Color"},{"type":"color","id":"breadcrumb_bgimg_overlay_color","label":"Background Image Overlay Color","default":"#91C4B1"},{"type":"range","id":"breadcrumb_bgimg_overlay_color_opacity","label":"Background Image Overlay Color Opacity","min":0,"max":1,"step":0.1,"default":0.5},{"type":"checkbox","id":"breadcrumb_bgimg_overlay_color_enable","label":"Show Breadcrumb Background Image Overlay Color","default":false},{"type":"header","content":"Background Image Overlay Gradient Color"},{"type":"range","id":"breadcrumb_bgimg_overlay_gradient_color_degree","label":"Background Image Overlay Gradient Color Degree","min":0,"max":360,"step":5,"unit":"deg","default":180},{"type":"color","id":"breadcrumb_bgimg_overlay_gradient_color1","label":"Background Image Overlay Gradient Color 1","default":"#91C4B1"},{"type":"range","id":"breadcrumb_bgimg_overlay_gradient_color1_opacity","label":"Background Image Overlay Gradient Color 1 Opacity","min":0,"max":1,"step":0.1,"default":0.1},{"type":"color","id":"breadcrumb_bgimg_overlay_gradient_color2","label":"Background Image Overlay Gradient Color 2","default":"#91C4B1"},{"type":"range","id":"breadcrumb_bgimg_overlay_gradient_color2_opacity","label":"Background Image Overlay Gradient Color 2 Opacity","min":0,"max":1,"step":0.1,"default":0.7},{"type":"checkbox","id":"breadcrumb_bgimg_overlay_gradient_color_enable","label":"Show Background Image Overlay Gradient Color","default":true},{"type":"header","content":"Background Color"},{"type":"color","id":"breadcrumb_bgcolor","label":"Breadcrumb Background Color","default":"#F6F6F6"},{"type":"checkbox","id":"breadcrumb_bgcolor_enable","label":"Show Background Color","default":false},{"type":"header","content":"Border"},{"type":"checkbox","id":"breadcrumb_bottom_border_enable","label":"Show Breadcrumb Border","default":true},{"type":"header","content":"Breadcrumb Text Color"},{"type":"color","id":"breadcrumb_title_color","label":"Breadcrumb Title Color","default":"#ffffff"},{"type":"header","content":"Breadcrumb Main Title"},{"type":"color","id":"breadcrumb_main_title_color","label":"Breadcrumb Main Title Color","default":"#ffffff"}]},{"name":"Blog Sidebar","settings":[{"type":"header","content":"Search"},{"type":"text","id":"search_title","label":"Title","default":"Search"},{"type":"text","id":"blog_search_placeholder","label":"Placeholder Title","default":"search blog"},{"type":"header","content":"Archive"},{"type":"text","id":"archive_title","label":"Title","default":"Archive"},{"type":"header","content":"Recent Post"},{"type":"text","id":"recent_title","label":"Title","default":"Recent Post"},{"type":"text","id":"recent_post_limit_handle","label":"How Many Post Show","default":"3"},{"type":"header","content":"Tag"},{"type":"text","id":"blog_tags_title","label":"Title","default":"Tag"},{"type":"text","id":"blog_tags_list_limit_handle","label":"How Many Tags Show","default":"15"}]},{"name":"Blog 'Button \/ Link'","settings":[{"type":"header","content":"Read More Button"},{"type":"text","id":"blog_read_btn","label":"Button Text","default":"Read More"},{"type":"select","id":"blog_read_button_style","label":"Blog Button Style","options":[{"label":"Button Style1","value":"btn-style1"},{"label":"Button Style2","value":"btn-style2"},{"label":"Button Style3","value":"btn-style3"}],"default":"btn-style2"},{"type":"header","content":"Button \/ Link"},{"type":"select","id":"blog_btn_link_style","label":"Blog Button Link Option","options":[{"label":"Button","value":"button"},{"label":"Link","value":"link"},{"label":"None","value":"none"}],"default":"link"}]},{"name":"Social Media","settings":[{"type":"header","content":"Social Settings"},{"type":"range","id":"social_box_width","label":"Box Width","min":0,"max":60,"step":1,"unit":"px","default":30,"info":"make sure width complusory select similar to as 'SVG' icon settings if wan't more then select more then 'SVG' icon"},{"type":"range","id":"social_box_height","label":"Box Height","min":0,"max":60,"step":1,"unit":"px","default":30,"info":"make sure width complusory select similar to as 'SVG' icon settings if wan't more then select more then 'SVG' icon"},{"type":"range","id":"social_box_radius","label":"Box Radius","min":0,"max":60,"step":1,"unit":"px","default":30},{"type":"header","content":"Social SVG Settings"},{"type":"range","id":"social_icon_width","label":"SVG Icon Width","min":0,"max":60,"step":1,"unit":"px","default":14},{"type":"range","id":"social_icon_height","label":"SVG Icon Height","min":0,"max":60,"step":1,"unit":"px","default":14},{"type":"header","content":"Facebook"},{"type":"checkbox","id":"social_facebook_enable","label":"Show Facebook","default":true},{"type":"color","id":"social_facebook_color","label":"Color","default":"#6F6F6F"},{"type":"color","id":"social_facebook_bgcolor","label":"Background Color","default":"#FFFFFF"},{"type":"color","id":"social_facebook_hover_color","label":"Hover Color","default":"#FFFFFF"},{"type":"color","id":"social_facebook_hover_bgcolor","label":"Hover Background Color","default":"#91C4B1"},{"type":"text","id":"social_facebook_link","label":"Link","info":"https:\/\/facebook.com\/shopify"},{"type":"text","id":"social_facebook_title","label":"Title"},{"type":"header","content":"Twitch"},{"type":"checkbox","id":"social_twitch_enable","label":"Show Twitch","default":false},{"type":"color","id":"social_twitch_color","label":"Color","default":"#6F6F6F"},{"type":"color","id":"social_twitch_bgcolor","label":"Background Color","default":"#FFFFFF"},{"type":"color","id":"social_twitch_hover_color","label":"Hover Color","default":"#FFFFFF"},{"type":"color","id":"social_twitch_hover_bgcolor","label":"Hover Background Color","default":"#91C4B1"},{"type":"text","id":"social_twitch_link","label":"Link","info":"https:\/\/twitch.tv\/shopify"},{"type":"text","id":"social_twitch_title","label":"Title"},{"type":"header","content":"Twitter"},{"type":"checkbox","id":"social_twitter_enable","label":"Show Twitter","default":true},{"type":"color","id":"social_twitter_color","label":"Color","default":"#6F6F6F"},{"type":"color","id":"social_twitter_bgcolor","label":"Background Color","default":"#FFFFFF"},{"type":"color","id":"social_twitter_hover_color","label":"Hover Color","default":"#FFFFFF"},{"type":"color","id":"social_twitter_hover_bgcolor","label":"Hover Background Color","default":"#91C4B1"},{"type":"text","id":"social_twitter_link","label":"Link","info":"https:\/\/twitter.com\/shopify"},{"type":"text","id":"social_twitter_title","label":"Title"},{"type":"header","content":"Pinterest"},{"type":"checkbox","id":"social_pinterest_enable","label":"Show Pinterest","default":true},{"type":"color","id":"social_pinterest_color","label":"Color","default":"#6F6F6F"},{"type":"color","id":"social_pinterest_bgcolor","label":"Background Color","default":"#FFFFFF"},{"type":"color","id":"social_pinterest_hover_color","label":"Hover Color","default":"#FFFFFF"},{"type":"color","id":"social_pinterest_hover_bgcolor","label":"Hover Background Color","default":"#91C4B1"},{"type":"text","id":"social_pinterest_link","label":"Link","info":"https:\/\/pinterest.com\/shopify"},{"type":"text","id":"social_pinterest_title","label":"Title"},{"type":"header","content":"Instagram"},{"type":"checkbox","id":"social_instagram_enable","label":"Show Instagram","default":true},{"type":"color","id":"social_instagram_color","label":"Color","default":"#6F6F6F"},{"type":"color","id":"social_instagram_bgcolor","label":"Background Color","default":"#FFFFFF"},{"type":"color","id":"social_instagram_hover_color","label":"Hover Color","default":"#FFFFFF"},{"type":"color","id":"social_instagram_hover_bgcolor","label":"Hover Background Color","default":"#91C4B1"},{"type":"text","id":"social_instagram_link","label":"Link","info":"https:\/\/instagram.com\/shopify"},{"type":"text","id":"social_instagram_title","label":"Title"},{"type":"header","content":"Tumblr"},{"type":"checkbox","id":"social_tumblr_enable","label":"Show Tumblr","default":false},{"type":"color","id":"social_tumblr_color","label":"Color","default":"#6F6F6F"},{"type":"color","id":"social_tumblr_bgcolor","label":"Background Color","default":"#FFFFFF"},{"type":"color","id":"social_tumblr_hover_color","label":"Hover Color","default":"#FFFFFF"},{"type":"color","id":"social_tumblr_hover_bgcolor","label":"Hover Background Color","default":"#91C4B1"},{"type":"text","id":"social_tumblr_link","label":"Link","info":"https:\/\/tumblr.com\/shopify"},{"type":"text","id":"social_tumblr_title","label":"Title"},{"type":"header","content":"Snapchat"},{"type":"checkbox","id":"social_snapchat_enable","label":"Show Snapchat","default":false},{"type":"color","id":"social_snapchat_color","label":"Color","default":"#6F6F6F"},{"type":"color","id":"social_snapchat_bgcolor","label":"Background Color","default":"#FFFFFF"},{"type":"color","id":"social_snapchat_hover_color","label":"Hover Color","default":"#FFFFFF"},{"type":"color","id":"social_snapchat_hover_bgcolor","label":"Hover Background Color","default":"#91C4B1"},{"type":"text","id":"social_snapchat_link","label":"Link","info":"https:\/\/snapchat.com\/shopify"},{"type":"text","id":"social_snapchat_title","label":"Title"},{"type":"header","content":"Youtube"},{"type":"checkbox","id":"social_youtube_enable","label":"Show Youtube","default":false},{"type":"color","id":"social_youtube_color","label":"Color","default":"#6F6F6F"},{"type":"color","id":"social_youtube_bgcolor","label":"Background Color","default":"#FFFFFF"},{"type":"color","id":"social_youtube_hover_color","label":"Hover Color","default":"#FFFFFF"},{"type":"color","id":"social_youtube_hover_bgcolor","label":"Hover Background Color","default":"#91C4B1"},{"type":"text","id":"social_youtube_link","label":"Link","info":"https:\/\/youtube.com\/shopify"},{"type":"text","id":"social_youtube_title","label":"Title"},{"type":"header","content":"Vimeo"},{"type":"checkbox","id":"social_vimeo_enable","label":"Show Vimeo","default":false},{"type":"color","id":"social_vimeo_color","label":"Color","default":"#6F6F6F"},{"type":"color","id":"social_vimeo_bgcolor","label":"Background Color","default":"#FFFFFF"},{"type":"color","id":"social_vimeo_hover_color","label":"Hover Color","default":"#FFFFFF"},{"type":"color","id":"social_vimeo_hover_bgcolor","label":"Hover Background Color","default":"#91C4B1"},{"type":"text","id":"social_vimeo_link","label":"Link","info":"https:\/\/vimeo.com\/shopify"},{"type":"text","id":"social_vimeo_title","label":"Title"},{"type":"header","content":"Linkedin"},{"type":"checkbox","id":"social_linkedin_enable","label":"Show Linkedin","default":false},{"type":"color","id":"social_linkedin_color","label":"Color","default":"#6F6F6F"},{"type":"color","id":"social_linkedin_bgcolor","label":"Background Color","default":"#FFFFFF"},{"type":"color","id":"social_linkedin_hover_color","label":"Hover Color","default":"#FFFFFF"},{"type":"color","id":"social_linkedin_hover_bgcolor","label":"Hover Background Color","default":"#91C4B1"},{"type":"text","id":"social_linkedin_link","label":"Link","info":"https:\/\/linkedin.com\/shopify"},{"type":"text","id":"social_linkedin_title","label":"Title"},{"type":"header","content":"Telegram"},{"type":"checkbox","id":"social_telegram_enable","label":"Show Telegram","default":false},{"type":"color","id":"social_telegram_color","label":"Color","default":"#6F6F6F"},{"type":"color","id":"social_telegram_bgcolor","label":"Background Color","default":"#FFFFFF"},{"type":"color","id":"social_telegram_hover_color","label":"Hover Color","default":"#FFFFFF"},{"type":"color","id":"social_telegram_hover_bgcolor","label":"Hover Background Color","default":"#91C4B1"},{"type":"text","id":"social_telegram_link","label":"Link","info":"https:\/\/telegram.org\/shopify"},{"type":"text","id":"social_telegram_title","label":"Title"},{"type":"header","content":"Whatsapp"},{"type":"checkbox","id":"social_whatsapp_enable","label":"Show Whatsapp","default":false},{"type":"color","id":"social_whatsapp_color","label":"Color","default":"#6F6F6F"},{"type":"color","id":"social_whatsapp_bgcolor","label":"Background Color","default":"#FFFFFF"},{"type":"color","id":"social_whatsapp_hover_color","label":"Hover Color","default":"#FFFFFF"},{"type":"color","id":"social_whatsapp_hover_bgcolor","label":"Hover Background Color","default":"#91C4B1"},{"type":"text","id":"social_whatsapp_link","label":"Link","info":"https:\/\/whatsapp.com\/\/shopify"},{"type":"text","id":"social_whatsapp_title","label":"Title"}]},{"name":"Payment Icon","settings":[{"type":"header","content":"Payment Providers"},{"type":"textarea","id":"payment_picker","label":"Payment Providers Name","default":"visa, paypal, master, american_express","info":"Ex: afterpay, american_express, apple_pay, bitcoin, dankort, diners_club, discover, dogecoin, dwolla, forbrugsforeningen, google_pay, ideal, jcb, klarna, klarna-pay-later, litecoin, maestro, master, paypal, shopify_pay, sofort, visa, paytm"},{"type":"header","content":"Payment Providers Icon"},{"type":"range","id":"payment_svg_width","label":"Icon Width","min":0,"max":100,"step":1,"unit":"px","default":38,"info":"Set 'SVG' icon 'Width' from here"},{"type":"range","id":"payment_svg_height","label":"Icon Height","min":0,"max":100,"step":1,"unit":"px","default":24,"info":"Set 'SVG' icon 'Height' from here"}]},{"name":"Custom & Default Page Section Padding","settings":[{"type":"header","content":"Section Padding"},{"type":"paragraph","content":"Desktop \/ Laptop \/ tablet"},{"type":"range","id":"section_padding_top","label":"Padding Top","min":0,"max":100,"step":1,"unit":"px","default":100},{"type":"range","id":"section_padding_bottom","label":"Padding Bottom","min":0,"max":100,"step":1,"unit":"px","default":100},{"type":"paragraph","content":"Ipad pro \/ Ipad"},{"type":"range","id":"section_padding_top_ip","label":"Padding Top","min":0,"max":100,"step":1,"unit":"px","default":80},{"type":"range","id":"section_padding_bottom_ip","label":"Padding Bottom","min":0,"max":100,"step":1,"unit":"px","default":80},{"type":"paragraph","content":"Mobile"},{"type":"range","id":"section_padding_top_xs","label":"Padding Top","min":0,"max":100,"step":1,"unit":"px","default":60},{"type":"range","id":"section_padding_bottom_xs","label":"Padding Bottom","min":0,"max":100,"step":1,"unit":"px","default":60}]},{"name":"Customer Page","settings":[{"type":"header","content":"Login"},{"type":"textarea","id":"login_sub_text","label":"Instruction Text","default":"Please login below account detail"},{"type":"text","id":"dnt_acc_title","label":"Create Account Title","default":"Don't have an account?"},{"type":"header","content":"Register"},{"type":"textarea","id":"register_sub_text","label":"Instruction Text","default":"Please Register using account detail bellow."},{"type":"text","id":"alredy_acc_title","label":"Create Account Title","default":"Already an account holder?"}]},{"name":"Customer Account Page","settings":[{"type":"header","content":"Customer Account Detail"},{"type":"paragraph","content":"Welcome text"},{"type":"text","id":"customer_welcome_text","label":"Title","default":"Welcome"},{"type":"paragraph","content":"Wishlist text"},{"type":"text","id":"customer_wishlist_text","label":"Title","default":"Wishlist"},{"type":"paragraph","content":"Logout text"},{"type":"text","id":"customer_logout_text","label":"Title","default":"Logout"},{"type":"header","content":"Customer Order Detail"},{"type":"paragraph","content":"Order sub title text"},{"type":"text","id":"order_sub_title","label":"Sub Title","default":"Order"},{"type":"paragraph","content":"Show order limit per page"},{"type":"text","id":"order_limit_handle","label":"Limit","default":"50","info":"How many order will appear on each page"},{"type":"paragraph","content":"Customer order note title"},{"type":"text","id":"customer_order_note_title","label":"Title","default":"Note"},{"type":"header","content":"Customer Order Summary"},{"type":"text","id":"customer_order_summary_title","label":"Title","default":"Order summary"},{"type":"header","content":"Customer Payment Summary"},{"type":"text","id":"customer_payment_summary_title","label":"Title","default":"Payment summary"}]},{"name":"For Footer Background Property","settings":[{"type":"header","content":"Footer Content"},{"type":"image_picker","id":"footer_bgimg_wrap","label":"Background Image","info":"Recommended Size: 1920px x 500px"},{"type":"checkbox","id":"footer_bgimg_wrap_enable","label":"Show Background Image","default":false},{"type":"color","id":"footer_bgcolor_wrap","label":"Background Color","default":"#91C4B1"},{"type":"range","id":"footer_bgcolor_wrap_opacity","label":"Background Color Opacity","min":0,"max":1,"step":0.1,"default":0.1},{"type":"checkbox","id":"footer_bgcolor_wrap_enable","label":"Show Background Image","default":true}]}]