{"current":{"color_primary":"#91c4b1","color_secondary":"#333333","body_text_color":"#6f6f6f","heading_text_color":"#333333","section_heading_text_color":"#333333","para_text_color":"#6f6f6f","body_font_handle":"poppins_n4","header_font_handle":"poppins_n6","section_header_font_handle":"poppins_n6","paragraph_font_handle":"poppins_n4","other_font_handle":"poppins_n5","enable_rtl":false,"enable_box":false,"box_body_bgimg":"shopify:\/\/shop_images\/mitho-box.jpg","box_body_bgimg_enable":true,"box_body_bgcolor":"#f6f6f6","google_analytic_enable":true,"google_tracking_id":"UA-110326897-1","enable_preloader":false,"preloader_style":"Style_3","preloader_bg":"#ffffff","preloader_color":"#000000","preloader_border_color":"#ffffff","preloader_border_width":"5px","tag_color":"#333333","newsletter_action":"","newsletter_popup_enable":true,"one_day_popup_enable":false,"popup_close_button_color":"#ffffff","popup_close_button_bgcolor":"#91c4b1","popup_close_button_hvr_color":"#fff","popup_close_button_hvr_bgcolor":"#333333","newsletter_bgimg_enable":false,"newsletter_bgcolor":"#ffffff","newsletter_text":"For get special offers and other information","email_placeholder":"Enter your mail..","input_placeholder_color":"#333333","newsletter_success_text":"Thank you for subscribe use this code for first order","newsletter_coupan_code":"20% off","topbar_notification_enable":true,"topbar_notification_bg_color":"#91c4b1","topbar_notification_content_border_enable":false,"topbar_notification_content":"coupan_text","topbar_notification_content_enable":true,"topbar_notification_store_name_enable":false,"topbar_notification_text_color":"#FFFFFF","topbar_notification_text_main_color":"#FFFFFF","topbar_notification_text_main_weight":400,"topbar_notification_offer_link_url":"shopify:\/\/collections","topbar_notification_shop_link_text_color":"#FFFFFF","topbar_notification_shop_link_url_color":"#FFFFFF","topbar_notification_coupan_code":"20%OFF","topbar_notification_coupan_text_color":"#FFFFFF","topbar_notification_coupan_code_color":"#FFFFFF","multi_currency_enable":true,"multi_currency_flags_img":"shopify:\/\/shop_images\/flags.png","acc_login_title":"Log in","logo_header_svg_url":"logo.svg","logo_header_svg_code":"<svg xmlns=\"http:\/\/www.w3.org\/2000\/svg\" id=\"Layer_1\" data-name=\"Layer 1\" viewbox=\"0 0 105 21.75\"><defs><style>.cls-1,.cls-2{fill:#91c4b1;}.cls-2{opacity:0.5;}<\/style><\/defs><title>logo<\/title>\n<path class=\"cls-1\" d=\"M10.82,11,0,.11V21.86H21.75Z\" transform=\"translate(0 -0.11)\"><\/path><path class=\"cls-1\" d=\"M24.86,11V21.86H35V11Z\" transform=\"translate(0 -0.11)\"><\/path><path class=\"cls-1\" d=\"M38.1.11V10.25H55.28V.11Z\" transform=\"translate(0 -0.11)\"><\/path><path class=\"cls-1\" d=\"M70.27.11V7.89h0v7h0v6.93h9.87V.11ZM58.39,21.86h9.87V.11H58.39Z\" transform=\"translate(0 -0.11)\"><\/path><path class=\"cls-1\" d=\"M94.12.11A10.88,10.88,0,1,0,105,11,10.88,10.88,0,0,0,94.12.11Zm0,15A4.08,4.08,0,1,1,98.2,11,4.08,4.08,0,0,1,94.12,15.07Z\" transform=\"translate(0 -0.11)\"><\/path><rect class=\"cls-2\" x=\"24.86\" width=\"10.14\" height=\"10.88\"><\/rect><rect class=\"cls-2\" x=\"41.69\" y=\"10.14\" width=\"10.14\" height=\"11.61\"><\/rect><rect class=\"cls-2\" x=\"68.26\" y=\"7.78\" width=\"2.01\" height=\"7.05\"><\/rect><polygon class=\"cls-2\" points=\"21.75 0 21.75 21.75 10.82 10.88 21.75 0\"><\/polygon><circle class=\"cls-2\" cx=\"94.12\" cy=\"10.88\" r=\"4.08\"><\/circle><\/svg>","logo_header":"shopify:\/\/shop_images\/logo.png","logo_footer_svg_url":"logo.svg","logo_footer_svg_code":"<svg xmlns=\"http:\/\/www.w3.org\/2000\/svg\" id=\"Layer_1\" data-name=\"Layer 1\" viewbox=\"0 0 105 21.75\"><defs><style>.cls-1,.cls-2{fill:#91c4b1;}.cls-2{opacity:0.5;}<\/style><\/defs><title>logo<\/title>\n<path class=\"cls-1\" d=\"M10.82,11,0,.11V21.86H21.75Z\" transform=\"translate(0 -0.11)\"><\/path><path class=\"cls-1\" d=\"M24.86,11V21.86H35V11Z\" transform=\"translate(0 -0.11)\"><\/path><path class=\"cls-1\" d=\"M38.1.11V10.25H55.28V.11Z\" transform=\"translate(0 -0.11)\"><\/path><path class=\"cls-1\" d=\"M70.27.11V7.89h0v7h0v6.93h9.87V.11ZM58.39,21.86h9.87V.11H58.39Z\" transform=\"translate(0 -0.11)\"><\/path><path class=\"cls-1\" d=\"M94.12.11A10.88,10.88,0,1,0,105,11,10.88,10.88,0,0,0,94.12.11Zm0,15A4.08,4.08,0,1,1,98.2,11,4.08,4.08,0,0,1,94.12,15.07Z\" transform=\"translate(0 -0.11)\"><\/path><rect class=\"cls-2\" x=\"24.86\" width=\"10.14\" height=\"10.88\"><\/rect><rect class=\"cls-2\" x=\"41.69\" y=\"10.14\" width=\"10.14\" height=\"11.61\"><\/rect><rect class=\"cls-2\" x=\"68.26\" y=\"7.78\" width=\"2.01\" height=\"7.05\"><\/rect><polygon class=\"cls-2\" points=\"21.75 0 21.75 21.75 10.82 10.88 21.75 0\"><\/polygon><circle class=\"cls-2\" cx=\"94.12\" cy=\"10.88\" r=\"4.08\"><\/circle><\/svg>","logo_footer":"shopify:\/\/shop_images\/logo.png","add_icon":"bi bi-geo","add1":"7882 Rd Reliance GIDC","add2":"Park Chock, New York","con_icon":"bi bi-telephone","contact":"(+33) 1 23 45 67 89","mail_icon":"bi bi-envelope","email":"demo@demo.com","favicon_svg_url":"favicon.svg","favicon":"shopify:\/\/shop_images\/32X32.png","btn1_color":"#333333","btn1_hvr_color":"#FFFFFF","btn1_font_size":16,"btn1_hvr_bgcolor":"#91c4b1","btn1_font_weight":600,"btn1_border":2,"btn1_border_hvr_color":"#91c4b1","btn2_color":"#333333","btn2_font_size":14,"btn2_bgcolor":"#ffffff","btn2_hvr_bgcolor":"#333333","btn2_font_weight":600,"btn2_border":2,"btn2_border_color":"#333333","btn2_border_hvr_color":"#333333","btn3_padding_top_bottom":12,"btn3_bgcolor":"#91c4b1","btn3_hvr_bgcolor":"#333333","btn3_text_transform":"uppercase","btn3_font_weight":600,"btn3_border":0,"btn3_border_color":"#91c4b1","btn3_border_hvr_color":"#333333","label_height":22,"label_border_radius":25,"discount_label_bgcolor":"#333333","sale_percent_enable":false,"soldout_title":"Sold","pro_hvr_enable":true,"pro_rew_enable":true,"cart_button_title":"Add to cart","wait_title":"","added_title":"","unavailable_title":"","soldout_button_title":"Not available","day_title":"Day","hour_title":"Hrs","minute_title":"Min","second_title":"sec","count_text_enable":true,"product_quickview_enalbe":true,"qcv_add_to_cart_text":"","qcv_cart_added_text":"","qcv_cart_error_text":"","qcv_cart_wait_text":"","search_enable":true,"wishlist_enable":true,"loading_wishlist":"Loading...","empty_cart":"No products in the cart.","cart_continue_shop":"Continue shopping","cart_continue_shop_link":"shopify:\/\/collections\/all","cart_desc1":"There are","cart_desc2":"products","cart_sub_total":"Subtotal","cart_terms_text_link":"shopify:\/\/pages\/terms-condition","cart_view":"View cart","cart_checkout":"Checkout","mini_cart_style":"style2","breadcrumb_banner_enable":true,"breadcrumb_padding_top":100,"breadcrumb_padding_bottom":100,"breadcrumb_padding_top_ip":80,"breadcrumb_padding_bottom_ip":80,"breadcrumb_padding_top_xs":60,"breadcrumb_padding_bottom_xs":60,"breadcrumb_bgimg":"shopify:\/\/shop_images\/1920X300.jpg","breadcrumb_bgimg_overlay_color":"#91c4b1","breadcrumb_bgimg_overlay_color_opacity":0.5,"breadcrumb_bgimg_overlay_color_enable":false,"breadcrumb_bgimg_overlay_gradient_color1":"#91c4b1","breadcrumb_bgimg_overlay_gradient_color1_opacity":0.1,"breadcrumb_bgimg_overlay_gradient_color2":"#91c4b1","breadcrumb_bgimg_overlay_gradient_color_enable":true,"breadcrumb_bottom_border_enable":false,"breadcrumb_title_color":"#ffffff","search_title":"Search","blog_search_placeholder":"Search blog","archive_title":"Archive","recent_title":"Recent post","recent_post_limit_handle":"5","blog_tags_title":"Tag","blog_tags_list_limit_handle":"15","blog_read_btn":"Read more","social_facebook_link":"https:\/\/facebook.com","social_twitch_link":"https:\/\/twitch.tv","social_twitter_link":"https:\/\/twitter.com","social_pinterest_link":"https:\/\/pinterest.com","social_instagram_link":"https:\/\/instagram.com","social_tumblr_link":"https:\/\/tumblr.com","social_snapchat_link":"https:\/\/snapchat.com","social_youtube_link":"https:\/\/youtube.com","social_vimeo_link":"https:\/\/vimeo.com","social_linkedin_link":"https:\/\/linkedin.com","social_telegram_link":"https:\/\/telegram.org","social_whatsapp_link":"https:\/\/whatsapp.com","section_padding_top":100,"section_padding_bottom":100,"section_padding_top_ip":80,"section_padding_bottom_ip":80,"section_padding_top_xs":60,"section_padding_bottom_xs":60,"login_sub_text":"Please login below account detail","dnt_acc_title":"Don't have an account?","register_sub_text":"Please register below account detail","alredy_acc_title":"Already an account holder?","footer_bgcolor_wrap":"#91c4b1","footer_bgcolor_wrap_enable":true,"checkout_header_image":"","checkout_logo_image":"","checkout_logo_position":"left","checkout_logo_size":"medium","checkout_body_background_image":"","checkout_body_background_color":"#fff","checkout_input_background_color_mode":"white","checkout_sidebar_background_image":"","checkout_sidebar_background_color":"#fafafa","checkout_heading_font":"-apple-system, BlinkMacSystemFont, 'Segoe UI', Roboto, Helvetica, Arial, sans-serif, 'Apple Color Emoji', 'Segoe UI Emoji', 'Segoe UI Symbol'","checkout_body_font":"-apple-system, BlinkMacSystemFont, 'Segoe UI', Roboto, Helvetica, Arial, sans-serif, 'Apple Color Emoji', 'Segoe UI Emoji', 'Segoe UI Symbol'","checkout_accent_color":"#34bf4a","checkout_button_color":"#34bf4a","checkout_error_color":"#e32c2b","social_icon_1_name":"fa fa-facebook","social_1_name":"","social_icon_1_link":"https:\/\/www.facebook.com\/","social_icon_2_name":"fa fa-twitter","social_2_name":"","social_icon_2_link":"https:\/\/twitter.com\/","social_icon_3_name":"fa fa-pinterest-p","social_3_name":"","social_icon_3_link":"https:\/\/in.pinterest.com\/","social_icon_4_name":"fa fa-instagram","social_4_name":"","social_icon_4_link":"https:\/\/www.instagram.com\/","payment_visaimg":"shopify:\/\/shop_images\/2_7dcf09a8-c14a-4ff6-92d2-3422470b80c5.jpg","payment_masterimg":"shopify:\/\/shop_images\/3_925dfd36-9cb8-475c-bfa2-fff18740c520.jpg","payment_paypalimg":"shopify:\/\/shop_images\/4_eb7057e6-50a8-4f7c-83a8-0e6e07d467a6.jpg","payment_expressimg":"shopify:\/\/shop_images\/5_0ddf9782-5a08-4a12-a53d-5f0f2155e8b1.jpg","customer_logout_title":"Logout","topbar_notification_contact_text_color":"#666666","header_new_label_color":"#ffffff","header_new_label_bgcolor":"#91c4b1","header_sale_label_color":"#ffffff","header_sale_label_bgcolor":"#91c4b1","header_hot_label_color":"#ffffff","company_logo":"shopify:\/\/shop_images\/logo.png","company_logo_footer":"shopify:\/\/shop_images\/logo.png","logo_font_size":16,"logo_font_weight":600,"categories_title":"Categories","new_title":"New","new_label_color":"#ffffff","new_label_bgcolor":"#91c4b1","sale_title":"Sale","sale_label_color":"#ffffff","sale_label_bgcolor":"#91c4b1","affiliate_cart_button_title":"Buy from amazon","affiliate_cart_button_color":"#eb592c","app_img_enable":false,"pro_temp_style":"style1","payment_discoverimg":"shopify:\/\/shop_images\/p5.png","popup_newsletter_title_color":"#333333","footer_bgcolor":"#f5f5f5","breadcrumb_bg_image_enable":false,"breadcrumb_bg_image":"","breadcrumb_bg_image_overlay_color":"#fff","breadcrumb_bg_image_overlay_color_opacity":0.5,"breadcrumb_bg_color":"#fba832","breadcrumb_main_color":"#fff","footer_bg_color":"#f6f6f6","notification_banner_enable":false,"notification_bg_img":"","notification_bg_color":"rgba(0,0,0,0)","notification_banner1_img":"","notification_banner_offer":"70% off","notification_banner_offer_text":"on electronics today offer","notification_banner2_img":"","notification_banner3_img":"","topbar_notification_welcome_text_enable":false,"company_details":"Lorem Ipsum is simply dummy text of the printing and typesetting industry.","offer_text_enable":false,"offer_label_img":"","offer_label_img_enable":false,"offer1":"Every day upto 45% off","offer2":"End of hot summer sale","offer3":"Get 50% off on lens","successfull_note":"Added to cart successfully!","view_cart_button2":"View Cart","social_icon_5_name":"fa fa-instagram","social_5_name":"","social_icon_5_link":"#","add_wishlit_title":"Add wishlist","remove_wishlit_title":"Remove From wishlist","go_to_wishlit_title":"Go to wishlist","wishlist_empty_title1":"Your","wishlist_empty_title2":"wishlist","wishlist_empty_title3":"is currently","wishlist_empty_title4":"Empty!","login_request_title":"Please login your account","newsletter_img":"shopify:\/\/shop_images\/poppup-new.jpg","newletter_popup_title":"Newsletter","color_third":"#a0d476","social_icon_6_name":"fa fa-instagram","social_6_name":"","social_icon_6_link":"#","body_font_weight":400,"truck_img":"","truck_icon":"","shipping_title":"Free Shipping","shipping_desc":"Oredr over $150 free","money_img":"","money_icon":"","money_title":"Money Back","money_desc":"100% Moneyback","support_img":"","support_icon":"","support_title":"Quality Support","support_desc":"Send within 30 days","gift_img":"","gift_icon":"","gift_title":"Gift & Voucher","gift_desc":"Oredr above $200","categories_list_limit_hanlde":"50","vendors_title":"Vendors","vendors_list_limit_hanlde":"50","types_title":"Products Types","types_list_limit_hanlde":"50","color_title":"Color","color_picker":"DarkKhaki,\nBurlyWood,\nAntiqueWhite,\nGrey,\nLightSeaGreen,\nLightSalmon,\nFloralWhite,\nDarkSeaGreen,\nPaleVioletRed,\nPaleGoldenRod,\nMistyRose,\nSkyBlue,\nSilver,\nLinen,\nSkyBlue,\nSilver,\nSeaShell,\nTomato,\nThistle,\nSnow,\nWhite,\nSandyBrown,\nBlack,\nRosyBrown,\nPowderBlue,\nPapayaWhip,\nPink,\nRosyBrown,\nLinen,\nLightSlateGrey,\nMaroon,\nLightSteelBlue,\nWhite,\nBlack,","colors_list_limit_hanlde":"50","size_title":"Size","size_picker":"1\/kg,\n5\/kg,\n2\/kg,\n3\",\n4\",\n5\",\n9\",\n2.5\",\n8cm,\n9cm,\n10cm,\n15cm,\n9x6,\n12x10,\n5x5,\n30x30,\n18x18,\n20x20,\n15cm,\n6cm,\n2cm,\n30x30,\n35x35,\n15x24,\n1\/kg,\n2\/kg,\n5\/kg,\n11\",12\",8\",\n15\",16\",28\",\n12rose,\n24rose,\n48rose,","size_list_limit_hanlde":"50","tags_title":"Tags","tags_list_limit_hanlde":"50","best_product_limit_hanlde":"","best_product__title":"Best product","best_product_limit_hanlde5":"3","opps_404":"shopify:\/\/shop_images\/404.png","heading_4041":"4","heading_4042":"0","heading_4043":"4","sub_text_4041":"Page","sub_text_4042":"Not","sub_text_4043":"Be","sub_text_4044":"Found","desc_text_404":"Sorry but the page you are looking for does not exist, have been removed, name changed or is temporarity unavailable.","button_title":"Go to home page","button_url":"\/","topbar_notification_text":"Welcome to fashcart store","acc_opacity":0.1,"log_term_con_syn":"*","log_term_con_text":"Terms & Conditions.","log_term_con_url":"","log_pri_pol_desc":"Your privacy and security are important to us. For more information on how we use your data read our","log_pri_pol_text":"privacy policy","log_pri_pol_url":"","breadcrumb_banner_image":"","breadcrumb_banner_bg":"#fafafa","breadcrumb_banner_overlay_color":"#000000","breadcrumb_banner_opacity":0,"breadcurmb_title_color":"#717171","breadcurmb_page_title_color":"#717171","active_breadcurmb_page_title_color":"#80bb01","company_logonotification_bg_img":"shopify:\/\/shop_images\/download_eab40c7c-6d47-4dd9-bb28-9cb5aa63bf60.jpg","foot_bg_img":"","foot_bg_img_enable":true,"foot_bg_color":"#d8eadd","foot_bg_color_enable":true,"notification_text":"Welcome to starplant store online","notification_text_color":"#222222","custom_page_margin_top":"100","custom_page_margin_bottom":"100","section_margin_top_xs":"70","section_margin_bottom_xs":"70","social_icon_7_name":"","social_7_name":"","social_icon_7_link":"","newsletter_button_name":"Subscribe","popup_newsletter_description_color":"#000000","input_fild_border_color":"#eee","input_fild_color":"#dddddd","newsletter_bg_img":"","newsletter_overlay_bgcolor":"#000","newsletter_overlay_opacicty":0.1,"notification_button_name":"","notification_button_url":"","notification_bg_image":"","topbar_color_1":"rgba(0,0,0,0)","topbar_color_2":"rgba(0,0,0,0)","notification_overlay_color":"rgba(0,0,0,0)","notification_overlay_opacity":0,"notificaction_button_bg_color":"#61ab00","notificaction_button_border_color":"#61ab00","notificaction_button_color":"#ffffff","notificaction_button_hover_bg_color":"rgba(0,0,0,0)","notificaction_button_hover_border_color":"#61ab00","notificaction_button_hover_color":"#61ab00","notificaction_close_button_bg_color":"","notificaction_close_button_border_color":"rgba(0,0,0,0)","notificaction_close_button_color":"#ffffff","notificaction_close_button_hover_bg_color":"rgba(0,0,0,0)","notificaction_close_button_hover_border_color":"rgba(0,0,0,0)","notificaction_close_button_hover_color":"#ffffff","heading_404":"404","sub_text_404":"PAGE NOT BE FOUND","button_name":"Subscribe","newsletter_overlay_color":"#000","newsletter_button_bg_color":"#d92542","newsletter_button_color":"#ffffff","newsletter_button_hover_bg_color":"#232323","newsletter_button_hover_color":"#fff","close_icon_color":"#ffffff","recent_post_title":"Recent Post","wishlist_empty_title":"Your wishlist is currently empty!","currency_enable":true,"supported_currencies":"USD, USD - US Dollar | EUR, EUR - Euro | GBP, GBP - British Pound | INR, INR - Indian Rupee | BDT, BDT - Bangladesh Taka | JPY, JPY - Japan Yen | CAD, CAD - Canada Dollar | AUD, AUD - Australian Dollar","supported_currencies_code":"USD, USD - US Dollar | EUR, EUR - Euro | GBP, GBP - British Pound","h_social_icon_1_name":"twitter","h_social_icon_2_name":"instagram","h_social_icon_3_name":"google-plus","h_social_icon_4_name":"linkedin","h_social_icon_5_name":"pinterest","h_social_icon_6_name":"","h_social_icon_7_name":"","notification_overlay_rgb_colo":"#000000","notification_overlay_rgb_color":"0, 0, 0","product_quickview_description_enable":true,"paragraph_font":"raleway_n4","body_font":"alfie_n4","type_header_font":"abril_fatface_n4","heading_font":"alfie_n4","breadcrumb_banner_image_enable":false,"cart_notes_enable":true,"cart_vendor_enable":false,"ajax_cart_method":"drawer","logo_use_image":false,"logo_max_width":"450","favicon_enable":false,"show_multiple_currencies":true,"currency_format":"money_with_currency_format","default_currency":"USD","color_body_bg":"#fff","color_body_text":"#333333","color_borders":"#e5e5e5","color_footer_bg":"#f2f2f2","color_footer_social_link":"#bbbbbb","color_footer_text":"#636363","footer_newsletter_enable":true,"footer_social_enable":true,"sections":{"header":{"type":"header","settings":{"header_sticky_enable":true,"header_bgcolor":"#ffffff","header_bgcolor_enable":true}},"footer":{"type":"footer","blocks":{"1584526586878":{"type":"footer_menu","settings":{"footer_menu_title":"My account","footer_menu_handle":"footer"}},"1595519681538":{"type":"footer_menu","settings":{"footer_menu_title":"Categories","footer_menu_handle":"footer-menu2"}},"a1c729b4-e92e-4f93-a222-9d81147bd651":{"type":"footer_menu","settings":{"footer_menu_title":"About company","footer_menu_handle":"footer"}}},"block_order":["1584526586878","1595519681538","a1c729b4-e92e-4f93-a222-9d81147bd651"],"settings":{"foot_padding_top":100,"foot_padding_bottom":100,"foot_padding_top_ip":80,"foot_padding_bottom_ip":80,"foot_padding_top_xs":60,"foot_padding_bottom_xs":60,"footer_bg_img_enable":false,"footer_bg_color":"rgba(0,0,0,0)","footer_bg_color_enable":false,"footer_payment_enable":true,"footer_logo_enable":true,"footer_social_enable":true,"footer_contact_title":"Contact us"}},"collection-template":{"type":"collection-template","settings":{"products_limit_handle":"12","collection_info_enable":false,"tab_bar_enable":true,"short_by_enable":true,"sidebar_handle":"without_sidebar"}},"product-template":{"type":"product-template","settings":{"pro_detail_padding_top":100,"pro_detail_padding_bottom":100,"pro_detail_padding_top_ip":80,"pro_detail_padding_bottom_ip":80,"pro_detail_padding_top_xs":60,"pro_detail_padding_bottom_xs":60,"pro_detail_bgcolor":"#ffffff","pro_detail_bgcolor_enable":true,"product_pos":"left","product_pos_sticky_enable":true,"product_img_pos":"bottom","slider_arrow_enable":true,"zoom_enable":true,"next_prev_enable":true,"next_prev_handle":"text","product_prev_title":"Prev","product_next_title":"Next"}},"related-product":{"type":"related-product","settings":{"related_products_enable":true,"related_padding_top":100,"related_padding_bottom":100,"related_padding_top_ip":80,"related_padding_bottom_ip":80,"related_padding_top_xs":60,"related_padding_bottom_xs":60,"related_bgcolor":"#ffffff","related_bgcolor_enable":true,"related_border":1,"related_border_color":"#e2e2e2","related_border_enable":true,"related_title":"Related product","related_desc":"Lorem Ipsum is printing & typesetting industry's standard dummy text since texts","related_product_limit_handle":"10"}},"single-product-tab":{"type":"single-product-tab","settings":{"product_tab_enable":true,"product_detail_tab_padding_top":100,"product_detail_tab_padding_bottom":100,"product_detail_tab_padding_top_ip":80,"product_detail_tab_padding_bottom_ip":80,"product_detail_tab_padding_top_xs":60,"product_detail_tab_padding_bottom_xs":60,"product_detail_tab_bgcolor":"#f6f6f6","product_detail_tab_bgcolor_enable":true,"product_detail_tab_option":"vertical_tab_left"}},"blog-template":{"type":"blog-template","settings":{"blog_news_limit_handle":"6","blog_sidebar_position_handle":"sticky_sidebar","blog_news_sidebar_handle":"without_sidebar","showing_blog_counter_enable":true,"showing_title_handle":"Showing | of | result","blog_search_bar_enable":true,"recent_post_enable":true,"archive_enable":true,"tags_enable":true}},"article-template":{"type":"article-template","settings":{"blog_sidebar_position_handle":"sticky_sidebar","sidebar_handle":"without_sidebar","blog_search_bar_enable":true,"archive_enable":true,"recent_post_enable":true,"tags_enable":true,"comment_post_limit_handle":"5","article_avtar_enable":false}},"cart-template":{"type":"cart-template","settings":{"cart_title":"My Cart:","cart_item_title":"Item","cart_item_remove":"Remove","update_button_title":"Update Cart","continue_shopping_title":"Continue Shopping","clear_cart_title":"Clear Cart","cart_vendor_enable":true,"cart_notes_enable":true,"additional_details_title":"Additional details","additional_details_enable":false,"shipping_calculator_enable":true,"shipping_calculator_heading":"Shipping Info","shipping_calculator_respose_text1":"There are","shipping_calculator_respose_text2":"shipping rates available for","shipping_calculator_respose_text3":"starting at","shipping_calculator_respose_text4":"There is one shipping rate available for","shipping_calculator_respose_text5":"We do not ship to this destination.","shipping_calculator_calculate_at_text":"at","shipping_calculator_button_title":"Calculate","cart_total_title":"Total","checkout_button_title":"Checkout","cart_template_payment_img_enable":true,"cart_empty_title1":"Cart","cart_empty_title2":"Empty","cart_empty_desc_text":"Sorry your cart has currently no more products, click on 'here' given below for continue browsing."}},"1537092551066":{"type":"featured-product","blocks":{"1584168950333":{"type":"product_tab","settings":{"tab_product":"new-products"}},"1574764873111":{"type":"product_tab","settings":{"tab_product":"featured-products"}},"1592830767075":{"type":"product_tab","settings":{"tab_product":"best-seller"}}},"block_order":["1584168950333","1574764873111","1592830767075"],"settings":{"pro_tab_padding_top":100,"pro_tab_padding_bottom":100,"pro_tab_padding_top_ip":80,"pro_tab_padding_bottom_ip":80,"pro_tab_padding_top_xs":60,"pro_tab_padding_bottom_xs":60,"pro_tab_bgcolor":"#ffffff","pro_tab_bgcolor_enable":true,"pro_tab_border":1,"pro_tab_border_color":"#e2e2e2","pro_tab_border_enable":true,"section_title":"Our product","section_desc":"Lorem Ipsum is printing & typesetting industry's standard dummy text since texts","featured_product_limit_handle":"10","product_col":"2","slide_product_limit":"4","pro_tab_button_text":"See more","pro_tab_button_style":"btn-style3","pro_tab_button_enable":true}},"counter-up":{"type":"counter-up","blocks":{"1537597842798":{"type":"single_item","settings":{"counter_icon":"bi bi-briefcase","counter_number":"21","counter_title":"Years In Business"}},"1537597845293":{"type":"single_item","settings":{"counter_icon":"bi bi-bezier","counter_number":"210","counter_title":"Clients And Partners"}},"1537597873829":{"type":"single_item","settings":{"counter_icon":"bi bi-cup","counter_number":"18","counter_title":"Show Room"}},"1537597889189":{"type":"single_item","settings":{"counter_icon":"bi bi-receipt","counter_number":"17","counter_title":"Billon Sales"}}},"block_order":["1537597842798","1537597845293","1537597873829","1537597889189"],"settings":{"counter_area_padding_top":100,"counter_area_padding_bottom":100,"counter_area_padding_top_ip":80,"counter_area_padding_bottom_ip":80,"counter_area_padding_top_xs":60,"counter_area_padding_bottom_xs":60,"counter_bgcolor":"#f6f6f6","counter_bgcolor_enable":true}},"testimonial":{"type":"testimonial","blocks":{"1537598169399":{"type":"single_slide","settings":{"testi_img":"shopify:\/\/shop_images\/t1.jpg","testi_authrname":"Wed censtoriya"}},"1537598222077":{"type":"single_slide","settings":{"testi_img":"shopify:\/\/shop_images\/t2.jpg","testi_authrname":"Wed censtoriya"}},"1576749321995":{"type":"single_slide","settings":{"testi_img":"shopify:\/\/shop_images\/t3.jpg","testi_authrname":"Wed censtoriya"}}},"block_order":["1537598169399","1537598222077","1576749321995"],"settings":{"testi_padding_top":30,"testi_padding_bottom":0,"testi_padding_top_xs":30,"testi_padding_bottom_xs":0,"testi_quote":"fa fa-quote-left"}},"instagram-with-newsletter":{"type":"instagram-with-newsletter","settings":{}},"brand-logo":{"type":"brand-logo","blocks":{"1578114441052":{"type":"single_brand","settings":{"brand_image":""}},"1578114454082":{"type":"single_brand","settings":{"brand_image":""}},"1578114460303":{"type":"single_brand","settings":{"brand_image":""}},"1578114465107":{"type":"single_brand","settings":{"brand_image":""}},"1578114470202":{"type":"single_brand","settings":{"brand_image":""}},"1593869320576":{"type":"single_brand","settings":{"brand_image":""}}},"block_order":["1578114441052","1578114454082","1578114460303","1578114465107","1578114470202","1593869320576"],"settings":{"brand_padding_top":50,"brand_padding_bottom":50,"brand_padding_top_xs":40,"brand_padding_bottom_xs":40,"brand_bgcolor":"rgba(0,0,0,0)"}},"faq":{"type":"faq","blocks":{"1601901478204":{"type":"accordion_area","settings":{"accordion_title":"What is Lorem Ipsum?","accordion_ans1":"Lorem Ipsum is simply dummy text of the printing and typesetting industry.","accordion_ans2":"Lorem Ipsum has been the industry's standard dummy text ever since the 1500s, when an unknown printer took a galley of type and scrambled it to make a type specimen book."}},"1601901522689":{"type":"accordion_area","settings":{"accordion_title":"Why do we use it?","accordion_ans1":"The point of using Lorem Ipsum is that it has a more-or-less normal distribution of letters, as opposed to using 'Content here, content here', making it look like readable English.","accordion_ans2":"Many desktop publishing packages and web page editors now use Lorem Ipsum as their default model text, and a search for 'lorem ipsum' will uncover many web sites still in their infancy."}},"1601901558382":{"type":"accordion_area","settings":{"accordion_title":"Where can I get some?","accordion_ans1":"There are many variations of passages of Lorem Ipsum available, but the majority have suffered alteration in some form, by injected humour, or randomised words which don't look even slightly believable.","accordion_ans2":"If you are going to use a passage of Lorem Ipsum, you need to be sure there isn't anything embarrassing hidden in the middle of text."}}},"block_order":["1601901478204","1601901522689","1601901558382"],"settings":{"faq_bgcolor":"#ffffff","faq_bgcolor_check":true,"faq_title":"Faq's","faq_desc":"Below are frequently asked questions, you may find the answer for yourself","faq_banner_img":"shopify:\/\/shop_images\/790X790.jpg"}},"list-collection-template":{"type":"list-collection-template","settings":{"coll_btn":"Shop now"}},"1580272775130":{"type":"blog-home","settings":{"blog_padding_top":100,"blog_padding_bottom":100,"blog_padding_top_ip":80,"blog_padding_bottom_ip":80,"blog_padding_top_xs":60,"blog_padding_bottom_xs":60,"blog_bgcolor":"rgba(0,0,0,0)","blog_check":false,"blog_title":"Latest news","blog_desc":"Lorem Ipsum is printing & typesetting industry's standard dummy text since texts","blog_view_btn":"View all","blog_view_btn_url":"shopify:\/\/blogs\/news","blog_button_style":"btn-style2","blog_view_btn_enable":true}},"about-template":{"type":"about-template","blocks":{"1584019336826":{"type":"about-description","settings":{"about_banner_des":"Top quality products"}},"1584019369779":{"type":"about-description","settings":{"about_banner_des":"Best customer service"}},"1584019372626":{"type":"about-description","settings":{"about_banner_des":"30-days money back guarantee"}}},"block_order":["1584019336826","1584019369779","1584019372626"],"settings":{"about_product_padding_top":100,"about_product_padding_bottom":100,"about_product_padding_top_ip":80,"about_product_padding_bottom_ip":80,"about_product_padding_top_xs":60,"about_product_padding_bottom_xs":60,"about_product_bgcolor":"#ffffff","about_product_bgcolor_enable":true,"about_product_title":"About us","about_des":"Lorem Ipsum is printing & typesetting industry's standard dummy text since texts","about_banner_img":"shopify:\/\/shop_images\/mitho-about-us.jpg","title":"Our company","text":"Lorem ipsum dolor sit amet conse ctetur adipisicing elit, sed do eiusmod tempor incididunt ut labore et dolore magna aliqua. Ut enim ad minim veniam. Lorem ipsum dolor sit amet conse ctetur adipisicing elit."}},"our-services":{"type":"our-services","blocks":{"1598098392907":{"type":"our_services","settings":{"service_icon":"bi bi-truck","service_title":"Free shipping"}},"1598098476898":{"type":"our_services","settings":{"service_icon":"bi bi-gift","service_title":"Gift voucher"}},"1598098814123":{"type":"our_services","settings":{"service_icon":"bi bi-wallet2","service_title":"Money back"}},"1598098858142":{"type":"our_services","settings":{"service_icon":"bi bi-shield-check","service_title":"Safe payment"}}},"block_order":["1598098392907","1598098476898","1598098814123","1598098858142"],"settings":{"our_ser_padding_top":100,"our_ser_padding_bottom":0,"our_ser_padding_top_ip":80,"our_ser_padding_bottom_ip":0,"our_ser_padding_top_xs":60,"our_ser_padding_bottom_xs":0,"service_bg_img_check":false,"our_ser_bgcolor":"rgba(0,0,0,0)","our_ser_check":false}},"privacy-policy":{"type":"privacy-policy","blocks":{"8716401e-4689-43ac-8eeb-0f5f340f1045":{"type":"privacy-policy","settings":{"privacy_policy_desc":"There are many variations of passages of Lorem Ipsum available."}},"c2433486-2d97-44dc-afc9-42b797cd89e4":{"type":"privacy-policy","settings":{"privacy_policy_desc":"It was popularized in 1960s with the release sheets containing Lorem Ipsum."}},"24641dee-cdff-4ce8-ac69-8abc209d7d1e":{"type":"privacy-policy","settings":{"privacy_policy_desc":"Sed ut perspiciatis unde omnis iste natus error sit voluptatem laudantium."}},"054ef913-19eb-4d8f-848d-766b08850ea6":{"type":"privacy-policy","settings":{"privacy_policy_desc":"Randomised words which don't look even slightly believable."}},"e8bd8dc6-906c-403a-9f73-271fad019e02":{"type":"privacy-policy","settings":{"privacy_policy_desc":"Temporibus voluptates repudiandae sint et molestiae non recusandae."}}},"block_order":["8716401e-4689-43ac-8eeb-0f5f340f1045","c2433486-2d97-44dc-afc9-42b797cd89e4","24641dee-cdff-4ce8-ac69-8abc209d7d1e","054ef913-19eb-4d8f-848d-766b08850ea6","e8bd8dc6-906c-403a-9f73-271fad019e02"],"settings":{"privacy_policy_title":"Privacy policy","privacy_policy_desc":"Lorem Ipsum is printing & typesetting industry's standard dummy text since texts","privacy_policy_banner_img":"shopify:\/\/shop_images\/690X550.jpg"}},"return-policy":{"type":"return-policy","blocks":{"1601894122423":{"type":"return-policy","settings":{"ret_policy_que":"What is Lorem Ipsum?","ret_policy_ans1":"It has survived not only five centuries, but also the leap into electronic typesetting, remaining essentially unchanged.","ret_policy_ans2":"It was popularised in the 1960s with the release of Letraset sheets containing Lorem Ipsum passages, and more recently with desktop publishing software like Aldus PageMaker including versions of Lorem Ipsum."}},"1601894335888":{"type":"return-policy","settings":{"ret_policy_que":"Why do we use it?","ret_policy_ans1":"Various versions have evolved over the years, sometimes by accident, sometimes on purpose (injected humour and the like).","ret_policy_ans2":"Many desktop publishing packages and web page editors now use Lorem Ipsum as their default model text, and a search for 'lorem ipsum' will uncover many web sites still in their infancy."}},"1601894455373":{"type":"return-policy","settings":{"ret_policy_que":"Where can I get some?","ret_policy_ans1":"It uses a dictionary of over 200 Latin words, combined with a handful of model sentence structures, to generate Lorem Ipsum which looks reasonable.","ret_policy_ans2":"The generated Lorem Ipsum is therefore always free from repetition, injected humour, or non-characteristic words etc."}},"1601894520744":{"type":"return-policy","settings":{"ret_policy_que":"Where does it come from?","ret_policy_ans1":"Richard McClintock, a Latin professor at Hampden-Sydney College in Virginia, looked up one of the more obscure Latin words, consectetur, from a Lorem Ipsum passage, and going through the cites of the word in classical literature, discovered the undoubtable source.","ret_policy_ans2":""}},"1601894538581":{"type":"return-policy","settings":{"ret_policy_que":"What is Lorem Ipsum?","ret_policy_ans1":"Lorem Ipsum has been the industry's standard dummy text ever since the 1500s, when an unknown printer took a galley of type and scrambled it to make a type specimen book.","ret_policy_ans2":""}},"1601894570014":{"type":"return-policy","settings":{"ret_policy_que":"Where does it come from?","ret_policy_ans1":"It has roots in a piece of classical Latin literature from 45 BC, making it over 2000 years old.","ret_policy_ans2":""}}},"block_order":["1601894122423","1601894335888","1601894455373","1601894520744","1601894538581","1601894570014"],"settings":{"ret_policy_title":"Return policy","ret_policy_desc":"Lorem Ipsum is printing & typesetting industry's standard dummy text since texts"}},"promo-fixed":{"type":"promo-fixed","blocks":{"bbdf752c-996c-4859-8d90-ed7e63a62f2a":{"type":"item","settings":{"pro_item":"allover-shampoo","val_data_min":"1","val_data_max":"16","advertising_text1":"from New York, USA","advertising_text2":"from Berlin, Germany","advertising_text3":"from Tokyo, Japan","advertising_text4":"from Moscow, Russia","advertising_text5":"from London, England"}},"3d944a41-16be-42e8-bf32-d1e8b99655c0":{"type":"item","settings":{"pro_item":"cooling-sandalwood","val_data_min":"1","val_data_max":"16","advertising_text1":"from New York, USA","advertising_text2":"from Berlin, Germany","advertising_text3":"from Tokyo, Japan","advertising_text4":"from Moscow, Russia","advertising_text5":"from London, England"}},"0d58e26b-8cf2-42d4-8b09-9cc61acd06dc":{"type":"item","settings":{"pro_item":"hibiscus-conditioner","val_data_min":"1","val_data_max":"16","advertising_text1":"from New York, USA","advertising_text2":"from Berlin, Germany","advertising_text3":"from Tokyo, Japan","advertising_text4":"from Moscow, Russia","advertising_text5":"from London, England"}},"2bd4da6c-7a70-4e35-b398-1a0ae0c267d0":{"type":"item","settings":{"pro_item":"hair-conditioner","val_data_min":"1","val_data_max":"16","advertising_text1":"from New York, USA","advertising_text2":"from Berlin, Germany","advertising_text3":"from Tokyo, Japan","advertising_text4":"from Moscow, Russia","advertising_text5":"from London, England"}},"d608439f-1514-4d36-bb4c-f5114aa8f50a":{"type":"item","settings":{"pro_item":"body-oil","val_data_min":"1","val_data_max":"16","advertising_text1":"from New York, USA","advertising_text2":"from Berlin, Germany","advertising_text3":"from Tokyo, Japan","advertising_text4":"from Moscow, Russia","advertising_text5":"from London, England"}}},"block_order":["bbdf752c-996c-4859-8d90-ed7e63a62f2a","3d944a41-16be-42e8-bf32-d1e8b99655c0","0d58e26b-8cf2-42d4-8b09-9cc61acd06dc","2bd4da6c-7a70-4e35-b398-1a0ae0c267d0","d608439f-1514-4d36-bb4c-f5114aa8f50a"],"settings":{"static_advertising_enable":false,"static_advertising_on_mobile_enable":false,"static_advertising_content_position":"left","main_text":"Someone purchsed","val_data_first":"0","val_data_min":"10","val_data_max":"40","minutes_ago":"minutes ago","static_advertising_bg_color":"#ffffff","static_advertising_pro_name_color":"#333333","static_advertising_close_button_color":"#ffffff","static_advertising_close_button_hvr_color":"#ffffff","static_advertising_close_button_bgcolor":"#91c4b1","static_advertising_close_button_hvr_bgcolor":"#333333"}},"slider":{"type":"slider","blocks":{"1593690674739":{"type":"slide","settings":{}},"1593690709269":{"type":"slide","settings":{}}},"block_order":["1593690674739","1593690709269"],"settings":{}},"banner-grid":{"type":"banner-grid","blocks":{"1593690865195":{"type":"full_width_banner","settings":{"banner_img":"shopify:\/\/shop_images\/banner1.jpg","banner_title":"","banner_title_color":"#67381a","banner_button_text":"","banner_url":"shopify:\/\/collections\/new-fashion","banner_content_position":"left","banner_text_position":"left"}},"1593690873874":{"type":"full_width_banner","settings":{"banner_img":"shopify:\/\/shop_images\/banner2.jpg","banner_title":"","banner_title_color":"#333333","banner_button_text":"","banner_url":"shopify:\/\/collections\/jewelry","banner_content_position":"left","banner_text_position":"left"}}},"block_order":["1593690865195","1593690873874"],"settings":{"banner1_padding_top":30,"banner1_padding_bottom":0,"banner1_padding_top_xs":30,"banner1_padding_bottom_xs":0}},"featured-product":{"type":"featured-product","blocks":{"1593691077346":{"type":"product_tab","settings":{"tab_product":""}},"1593691084479":{"type":"product_tab","settings":{"tab_product":""}},"1593691089351":{"type":"product_tab","settings":{"tab_product":""}}},"block_order":["1593691077346","1593691084479","1593691089351"],"settings":{"pro_tab_padding_top":50,"pro_tab_padding_bottom":0,"pro_tab_padding_top_xs":40,"pro_tab_padding_bottom_xs":40,"section_title":"Trending Products","featured_product_limit_handle":"10","product_col":"2","slide_product_limit":"4"}},"blog-home":{"type":"blog-home","settings":{"blog_padding_top":50,"blog_padding_bottom":0,"blog_padding_top_xs":40,"blog_padding_bottom_xs":40,"blog_bgcolor":"rgba(0,0,0,0)","blog_check":false,"blog_title":"Blog & Events","blog_view_btn":"View All News","blog_view_btn_url":"","blog_view_btn_enable":false}},"newsletter":{"type":"newsletter","settings":{"news_padding_top":100,"news_padding_bottom":0,"news_padding_top_ip":80,"news_padding_bottom_ip":0,"news_padding_top_xs":60,"news_padding_bottom_xs":0,"news_bgimg_check":false,"news_banner_overlay_bgcolor":"#000000","news_banner_overlay_bgcolor_opacity":0.1,"news_bgcolor":"rgba(0,0,0,0)","news_bgcolor_check":false,"newsletter_title":"Subscribe newsletter","sub_title":"Sign up here to get 20% off on your next purchase, special offers and other discount information"}},"copy-right":{"type":"copy-right","settings":{"foot_bt_padding_top":15,"foot_bt_padding_bottom":15,"foot_bt_padding_top_xs":10,"foot_bt_padding_bottom_xs":10,"foot_bt_bg_color":"rgba(0,0,0,0)","foot_bt_bg_color_enable":false,"copy_right_text1":"Powered by","copy_right_text2":"spacingtech<sup>TM<\/sup>"}},"our-vision":{"type":"our-vision","blocks":{"1601796485635":{"type":"our-vision","settings":{"vision_img":"shopify:\/\/shop_images\/mission.png","vision_title":"Our mission","vision_desc":"Lorem ipsum dolor sit amet, consectetur adipiscing elit., rutrum massa quis, porttitor lorem. Aliquam non est a ipsum facilisis scelerisque eu sed lectus."}},"1601796536563":{"type":"our-vision","settings":{"vision_img":"shopify:\/\/shop_images\/eye.png","vision_title":"Our vision","vision_desc":"Lorem ipsum dolor sit amet, consectetur adipiscing elit., rutrum massa quis, porttitor lorem. Aliquam non est a ipsum facilisis scelerisque eu sed lectus."}},"8b4c3af6-8fa6-4d1d-acf4-5d625b136279":{"type":"our-vision","settings":{"vision_img":"shopify:\/\/shop_images\/award.png","vision_title":"255 + award wins","vision_desc":"Lorem ipsum dolor sit amet, consectetur adipiscing elit., rutrum massa quis, porttitor lorem. Aliquam non est a ipsum facilisis scelerisque eu sed lectus."}},"196eae43-6d44-4b6d-8c27-acbd43f86106":{"type":"our-vision","settings":{"vision_img":"shopify:\/\/shop_images\/review.png","vision_title":"300+ Happy Customer","vision_desc":"Lorem ipsum dolor sit amet, consectetur adipiscing elit., rutrum massa quis, porttitor lorem. Aliquam non est a ipsum facilisis scelerisque eu sed lectus."}}},"block_order":["1601796485635","1601796536563","8b4c3af6-8fa6-4d1d-acf4-5d625b136279","196eae43-6d44-4b6d-8c27-acbd43f86106"],"settings":{"abt_vision_padding_top":100,"abt_vision_padding_bottom":100,"abt_vision_padding_top_ip":80,"abt_vision_padding_bottom_ip":80,"abt_vision_padding_top_xs":60,"abt_vision_padding_bottom_xs":60,"abt_vision_bgcolor":"#f6f6f6","abt_vision_bgcolor_enable":true}},"new-idea":{"type":"new-idea","settings":{"abt_new_padding_top":60,"abt_new_padding_bottom":60,"abt_new_padding_top_xs":40,"abt_new_padding_bottom_xs":40,"newidea_banner":"shopify:\/\/shop_images\/about-new.jpg","newidea_banner_bgpos_enable":true,"newidea_banner_overlay_bgcolor":"#ffffff","newidea_banner_overlay_bgcolor_opacity":0.4,"newidea_banner_enable":true,"newidea_bgcolor":"#d8d8d8","newidea_title":"New in!","newidea_text":"Our latest collection is a combination of our designer's vision and our technical expert's invention; take Dobrada for example, an eye-catching lightweight hybrid with boat shoe detailing.","newidea_button_text":"Shop now","newidea_button_url":"shopify:\/\/collections\/all"}},"our-team":{"type":"our-team","blocks":{"1601884127448":{"type":"our-vision","settings":{"member_img":"shopify:\/\/shop_images\/1.jpg","member_name":"Nina Theresa","member_position":"Managing Director","member_desc":"Vestibulum porttitor egestas orci, vitae ullamcorper risus rutrum massa quis."}},"1601884136910":{"type":"our-vision","settings":{"member_img":"shopify:\/\/shop_images\/2_9badf75a-8028-41e9-9862-77ce2ddb4123.jpg","member_name":"Maudud Hossain","member_position":"Programmer","member_desc":"Vestibulum porttitor egestas orci, vitae ullamcorper risus rutrum massa quis."}},"1601884137770":{"type":"our-vision","settings":{"member_img":"shopify:\/\/shop_images\/3_c4ef4e55-f93b-4c46-b240-2beba3fef3b8.jpg","member_name":"Calista Rose","member_position":"Manager","member_desc":"Vestibulum porttitor egestas orci, vitae ullamcorper risus rutrum massa quis."}},"1601884138661":{"type":"our-vision","settings":{"member_img":"shopify:\/\/shop_images\/4_f369efbc-aace-4d74-9c38-7e6b093ef383.jpg","member_name":"James Micky","member_position":"Designer","member_desc":"Vestibulum porttitor egestas orci, vitae ullamcorper risus rutrum massa quis."}}},"block_order":["1601884127448","1601884136910","1601884137770","1601884138661"],"settings":{"abt_team_padding_top":100,"abt_team_padding_bottom":100,"abt_team_padding_top_ip":80,"abt_team_padding_bottom_ip":80,"abt_team_padding_top_xs":60,"abt_team_padding_bottom_xs":60,"abt_team_bgcolor":"#ffffff","abt_team_bgcolor_enable":true,"our_team_title":"Our team","our_team_desc":"Lorem Ipsum is printing & typesetting industry's standard dummy text since texts"}},"fullwidth-banner":{"type":"fullwidth-banner","blocks":{"1601310116684":{"type":"product_tab","settings":{"slider_category_handle":"","collection_img":""}},"1601310177119":{"type":"product_tab","settings":{"slider_category_handle":"","collection_img":""}},"1601310178062":{"type":"product_tab","settings":{"slider_category_handle":"","collection_img":""}},"1601310178704":{"type":"product_tab","settings":{"slider_category_handle":"","collection_img":""}},"1601310182662":{"type":"product_tab","settings":{"slider_category_handle":"","collection_img":""}}},"block_order":["1601310116684","1601310177119","1601310178062","1601310178704","1601310182662"],"settings":{"cat_padding_top":30,"cat_padding_bottom":0,"cat_padding_top_xs":40,"cat_padding_bottom_xs":40,"slider_cat_bg_img":"","slider_cat_bg_img_enable":false,"slider_cat_bgcolor":"rgba(0,0,0,0)","slider_cat_bgcolor_enable":false,"slider_cat_title":""}},"special-category":{"type":"special-category","settings":{"category_special_padding_top":50,"category_special_padding_bottom":0,"category_special_padding_top_xs":40,"category_special_padding_bottom_xs":40,"section_special_title":"Special Products","category_special_product_limit_handle":"10","category_special_product_limit":"4","special_label_product":""}},"deal-product":{"type":"deal-product","settings":{"deal_padding_top":30,"deal_padding_bottom":0,"deal_padding_top_xs":40,"deal_padding_bottom_xs":40,"deal_title":"Deal of the days"}},"contact-us":{"type":"contact-us","settings":{"contact_map_padding_top":100,"contact_map_padding_bottom":100,"contact_map_padding_top_ip":80,"contact_map_padding_bottom_ip":80,"contact_map_padding_top_xs":60,"contact_map_padding_bottom_xs":60,"contact_map_bgcolor":"#ffffff","contact_map_bgcolor_enable":true,"contact_us_title":"Contact us","contact_us_desc":"Lorem Ipsum is printing & typesetting industry's standard dummy text since texts","contact_us_map_enable":true,"contact_us_map_height":500}},"form-contact":{"type":"form-contact","settings":{"contact_us_padding_top":100,"contact_us_padding_bottom":100,"contact_us_padding_top_ip":80,"contact_us_padding_bottom_ip":80,"contact_us_padding_top_xs":60,"contact_us_padding_bottom_xs":60,"contact_us_bgcolor":"#FFFFFF","contact_us_bgcolor_enable":true,"contact_us_border":1,"contact_us_border_color":"#E2E2E2","contact_us_border_enable":true,"contact_drop_title":"Drop us message","get_toch_title":"Get in Touch"}},"terms-conditions":{"type":"terms-conditions","blocks":{"e137dfa6-9239-4568-b1f1-59c168572743":{"type":"terms-condition","settings":{"terms_condi_point_title":"Introduction","terms_condi_point_desc":"There are many variations of passages of Lorem Ipsum available, by injected, or words which don't look even slightly believable."}},"b46d8efc-504a-49a4-852c-ab760baf898a":{"type":"terms-condition","settings":{"terms_condi_point_title":"Intellectual property","terms_condi_point_desc":"If you are going to use a passage of Lorem Ipsum, you need to be sure there isn't anything hidden in the middle of text."}},"faa09f03-60bd-447a-b853-da88b1290828":{"type":"terms-condition","settings":{"terms_condi_point_title":"Your content","terms_condi_point_desc":"All the Lorem Ipsum generators on the Internet tend to repeat as necessary, making this the first true generator on the Internet."}},"56e39c86-f47c-4c5b-bb8b-22b73494fc84":{"type":"terms-condition","settings":{"terms_condi_point_title":"Sever ability","terms_condi_point_desc":"It uses a dictionary of over 200 Latin words, combined with a handful of model sentence, to looks reasonable."}},"7945f713-37e0-4c27-9eb1-ad7a2880fcdb":{"type":"terms-condition","settings":{"terms_condi_point_title":"No majority","terms_condi_point_desc":"It was popularized in the 1960s with the release of sheets containing passages, and more recently versions of Lorem Ipsum."}},"e4017205-71dc-4714-9a86-5914b91dd5f7":{"type":"terms-condition","settings":{"terms_condi_point_title":"Variation terms","terms_condi_point_desc":"Sed ut perspiciatis unde omnis iste natus error sit voluptatem accusantium doloremque, beatae vitae dicta sunt explicabo."}},"2260b2e8-a376-448d-bcb6-36548671151a":{"type":"terms-condition","settings":{"terms_condi_point_title":"Sheets release","terms_condi_point_desc":"Temporibus autem quibusdam et aut officiis debitis aut rerum necessitatibus saepe sint et molestiae non recusandae."}},"5a74f4c6-4f81-4f23-bbf8-7a06a63591c5":{"type":"terms-condition","settings":{"terms_condi_point_title":"Maxim placate","terms_condi_point_desc":"Nam libero tempore, cum soluta nobis est eligendi optio cumque nihil maxime placeat facere possimus, omnis dolor repellendus."}}},"block_order":["e137dfa6-9239-4568-b1f1-59c168572743","b46d8efc-504a-49a4-852c-ab760baf898a","faa09f03-60bd-447a-b853-da88b1290828","56e39c86-f47c-4c5b-bb8b-22b73494fc84","7945f713-37e0-4c27-9eb1-ad7a2880fcdb","e4017205-71dc-4714-9a86-5914b91dd5f7","2260b2e8-a376-448d-bcb6-36548671151a","5a74f4c6-4f81-4f23-bbf8-7a06a63591c5"],"settings":{"terms_condi_bgcolor":"#f6f6f6","terms_condi_bgcolor_check":true}},"404-template":{"type":"404-template","settings":{"opps_404_text":"404","desc_text_404":"Sorry but the page you are looking for does not exist, have been removed, name changed or is temporarity unavailable.","button_title":"Go home","button_url":"\/"}},"1603165893b2db5203":{"type":"slider","blocks":{"dee412e7-67c5-4b77-92e4-78573925b75b":{"type":"slide","settings":{"slider_img":"shopify:\/\/shop_images\/1-1.png","slider_title1":"Natural","slider_title2":"beauty","slider_button":"Buy now","slider_button_url":"shopify:\/\/collections","slider_button_style":"btn-style1","slider_content_position":"left","slider_text_position":"left"}},"3115f640-b9e5-414e-9660-440b6cbe7b89":{"type":"slide","settings":{"slider_img":"shopify:\/\/shop_images\/slider-1.png","slider_title1":"Cosmetic","slider_title2":"skincare","slider_button":"Buy  now","slider_button_url":"shopify:\/\/collections","slider_button_style":"btn-style1","slider_content_position":"left","slider_text_position":"left"}}},"block_order":["dee412e7-67c5-4b77-92e4-78573925b75b","3115f640-b9e5-414e-9660-440b6cbe7b89"],"settings":{}},"16047556002ec3c338":{"type":"testimonial","blocks":{"af860ad0-0584-4cde-ab20-bd3d3a606f4e":{"type":"single_slide","settings":{"testi_img":"shopify:\/\/shop_images\/3.jpg","testi_authrname":"Jack hass","testi_review":"Lorem Ipsum has been the industry's standard dummy text ever since the 1500s, when an unknown printer took a galley of type and scrambled it to make a type specimen book"}},"5de7d05d-4f1b-4a62-b408-9711b64823d6":{"type":"single_slide","settings":{"testi_img":"shopify:\/\/shop_images\/4.jpg","testi_authrname":"Lynn thomas","testi_review":"Lorem Ipsum has been the industry's standard dummy text ever since the 1500s, when an unknown printer took a galley of type and scrambled it to make a type specimen book"}},"0598f70d-a0b6-40f9-a41d-8fb9f3642ee6":{"type":"single_slide","settings":{"testi_img":"shopify:\/\/shop_images\/2.jpg","testi_authrname":"Noah ainsley","testi_review":"Lorem Ipsum has been the industry's standard dummy text ever since the 1500s, when an unknown printer took a galley of type and scrambled it to make a type specimen book"}},"0039c721-4f3f-4163-bced-0d3fa7e4487e":{"type":"single_slide","settings":{"testi_img":"shopify:\/\/shop_images\/5.jpg","testi_authrname":"Jack hass","testi_review":"Lorem Ipsum has been the industry's standard dummy text ever since the 1500s, when an unknown printer took a galley of type and scrambled it to make a type specimen book"}}},"block_order":["af860ad0-0584-4cde-ab20-bd3d3a606f4e","5de7d05d-4f1b-4a62-b408-9711b64823d6","0598f70d-a0b6-40f9-a41d-8fb9f3642ee6","0039c721-4f3f-4163-bced-0d3fa7e4487e"],"settings":{"testi_padding_top":100,"testi_padding_bottom":100,"testi_padding_top_ip":80,"testi_padding_bottom_ip":80,"testi_padding_top_xs":60,"testi_padding_bottom_xs":60,"testi_bgimg":"shopify:\/\/shop_images\/1_5a0b41fc-e040-4564-9216-d2f454d8cf47.jpg","testi_bgimg_check":true,"testimonial_banner_overlay_bgcolor":"#91c4b1","testimonial_banner_overlay_bgcolor_opacity":0.1,"testi_bgcolor":"#ffffff","testi_bgcolor_check":false,"testi_title":"Testimonial","testi_desc":"Lorem Ipsum is printing & typesetting industry's standard dummy text since texts","testi_quote":"fa fa-quote-left"}},"product-template2":{"type":"product-template2","settings":{"pro_detail_padding_top":100,"pro_detail_padding_bottom":100,"pro_detail_padding_top_ip":80,"pro_detail_padding_bottom_ip":80,"pro_detail_padding_top_xs":60,"pro_detail_padding_bottom_xs":60,"pro_detail_bgcolor":"#ffffff","pro_detail_bgcolor_enable":true,"product_pos":"right","product_pos_sticky_enable":true,"product_img_pos":"bottom","slider_arrow_enable":false,"zoom_enable":true,"next_prev_enable":true,"next_prev_handle":"image","product_prev_title":"Prev","product_next_title":"Next","product_tab_enable":true,"product_info_tab_title":"Description","product_info_tab_enable":true,"product_comments_title":"Comments","facebook_comments_post_limit":"10","product_comments_enable":true}},"product-template3":{"type":"product-template3","settings":{"pro_detail_padding_top":100,"pro_detail_padding_bottom":100,"pro_detail_padding_top_ip":80,"pro_detail_padding_bottom_ip":80,"pro_detail_padding_top_xs":60,"pro_detail_padding_bottom_xs":60,"pro_detail_bgcolor":"#FFFFFF","pro_detail_bgcolor_enable":true,"product_pos":"left","product_pos_sticky_enable":true,"product_img_pos":"bottom","slider_arrow_enable":true,"zoom_enable":true,"next_prev_enable":true,"next_prev_handle":"image","product_prev_title":"Prev","product_next_title":"Next","product_tab_enable":true,"product_info_tab_title":"Description","product_info_tab_enable":true,"product_review_tab_title":"Reviews","product_review_tab_enable":true,"product_comments_title":"Comments","facebook_comments_post_limit":"10","product_comments_enable":true}},"product-template4":{"type":"product-template4","settings":{"pro_detail_padding_top":100,"pro_detail_padding_bottom":100,"pro_detail_padding_top_ip":80,"pro_detail_padding_bottom_ip":80,"pro_detail_padding_top_xs":60,"pro_detail_padding_bottom_xs":60,"pro_detail_bgcolor":"#ffffff","pro_detail_bgcolor_enable":true,"product_pos":"left","product_pos_sticky_enable":true,"product_img_pos":"bottom","slider_arrow_enable":true,"zoom_enable":true,"next_prev_enable":true,"next_prev_handle":"text","product_prev_title":"Prev","product_next_title":"Next"}},"product-template5":{"type":"product-template5","settings":{"pro_detail_padding_top":100,"pro_detail_padding_bottom":100,"pro_detail_padding_top_ip":80,"pro_detail_padding_bottom_ip":80,"pro_detail_padding_top_xs":60,"pro_detail_padding_bottom_xs":60,"pro_detail_bgcolor":"#ffffff","pro_detail_bgcolor_enable":true,"product_pos":"left","product_pos_sticky_enable":true,"product_img_pos":"bottom","slider_arrow_enable":false,"zoom_enable":true,"next_prev_enable":false,"next_prev_handle":"text","product_prev_title":"Prev","product_next_title":"Next"}},"product-template6":{"type":"product-template6","settings":{"pro_detail_padding_top":100,"pro_detail_padding_bottom":100,"pro_detail_padding_top_ip":80,"pro_detail_padding_bottom_ip":80,"pro_detail_padding_top_xs":60,"pro_detail_padding_bottom_xs":60,"pro_detail_bgcolor":"#ffffff","pro_detail_bgcolor_enable":true,"product_pos":"left","product_pos_sticky_enable":true,"slider_arrow_enable":true,"next_prev_enable":true,"next_prev_handle":"text","product_prev_title":"Prev","product_next_title":"Next"}},"product-template7":{"type":"product-template7","settings":{"pro_detail_padding_top":100,"pro_detail_padding_bottom":100,"pro_detail_padding_top_ip":80,"pro_detail_padding_bottom_ip":80,"pro_detail_padding_top_xs":60,"pro_detail_padding_bottom_xs":60,"pro_detail_bgcolor":"#ffffff","pro_detail_bgcolor_enable":true,"product_pos":"left","product_pos_sticky_enable":true,"product_img_pos":"left","slider_arrow_enable":true,"zoom_enable":true,"next_prev_enable":true,"next_prev_handle":"text","product_prev_title":"Prev","product_next_title":"Next"}},"recently-viewed":{"type":"recently-viewed","settings":{"recent_view_product_enable":true,"recent_padding_top":100,"recent_padding_bottom":100,"recent_padding_top_ip":80,"recent_padding_bottom_ip":80,"recent_padding_top_xs":60,"recent_padding_bottom_xs":60,"recent_bgcolor":"#ffffff","recent_bgcolor_enable":true,"recent_border":1,"recent_border_color":"#e2e2e2","recent_border_enable":true,"recent_title":"Recently viewed","recent_desc":"Lorem Ipsum is printing & typesetting industry's standard dummy text since texts","recent_product_limit_handle":"4"}},"about-template2":{"type":"about-template2","blocks":{"04f61d57-d1da-482f-b9e5-850f5c1769f0":{"type":"about-description","settings":{"about_banner_img":"shopify:\/\/shop_images\/1_042b11e4-c674-4191-a8f6-959e63659207.jpg","abt_banner_video_button_enable":false,"abt_banner_video_icon":"bi bi-play-fill","abt_banner_video_button_url":"","title":"Our company","text":"Lorem ipsum dolor sit amet conse ctetur adipisicing elit, sed do eiusmod tempor incididunt ut labore et dolore magna aliqua. Ut enim ad minim veniam."}},"d1ad4896-c195-4237-92e9-0e2424d84a43":{"type":"about-description","settings":{"about_banner_img":"shopify:\/\/shop_images\/3_8ed38580-c2d7-4dfd-8e0b-6e1a9dff059f.jpg","abt_banner_video_button_enable":true,"abt_banner_video_icon":"bi bi-play-fill","abt_banner_video_button_url":"https:\/\/www.youtube.com\/watch?v=0etCKCAsImI","title":"Our mission","text":"Lorem ipsum dolor sit amet conse ctetur adipisicing elit, sed do eiusmod tempor incididunt ut labore et dolore magna aliqua. Ut enim ad minim veniam."}},"355ce032-4f13-4f87-be7c-a3a0cdc85239":{"type":"about-description","settings":{"about_banner_img":"shopify:\/\/shop_images\/2_c8326654-6f76-4777-9ee4-42e7b82d7788.jpg","abt_banner_video_button_enable":false,"abt_banner_video_icon":"bi bi-play-fill","abt_banner_video_button_url":"","title":"Our vision","text":"Lorem ipsum dolor sit amet conse ctetur adipisicing elit, sed do eiusmod tempor incididunt ut labore et dolore magna aliqua. Ut enim ad minim veniam."}}},"block_order":["04f61d57-d1da-482f-b9e5-850f5c1769f0","d1ad4896-c195-4237-92e9-0e2424d84a43","355ce032-4f13-4f87-be7c-a3a0cdc85239"],"settings":{"about2_padding_top":100,"about2_padding_bottom":100,"about2_padding_top_ip":80,"about2_padding_bottom_ip":80,"about2_padding_top_xs":60,"about2_padding_bottom_xs":60,"about2_bgcolor":"#FFFFFF","about2_bgcolor_enable":true,"about_product_title":"About us","about_des":"Lorem Ipsum is printing & typesetting industry's standard dummy text since texts"}},"our-team2":{"type":"our-team2","blocks":{"c88b798c-29b1-449d-9608-5c056172663b":{"type":"our-vision","settings":{"member_img":"shopify:\/\/shop_images\/1.jpg","member_name":"Nina theresa","member_position":"Managing director","member_desc":"Vestibulum porttitor egestas orci, vitae ullamcorper risus rutrum massa quis."}},"1f4f6526-72e6-4b89-8ef6-bbf612056ea9":{"type":"our-vision","settings":{"member_img":"shopify:\/\/shop_images\/2_9badf75a-8028-41e9-9862-77ce2ddb4123.jpg","member_name":"Maudud hossain","member_position":"Programmer","member_desc":"Vestibulum porttitor egestas orci, vitae ullamcorper risus rutrum massa quis."}},"21da665a-cf28-4af6-92a3-6d047b181bc6":{"type":"our-vision","settings":{"member_img":"shopify:\/\/shop_images\/3_c4ef4e55-f93b-4c46-b240-2beba3fef3b8.jpg","member_name":"Calista rose","member_position":"Manager","member_desc":"Vestibulum porttitor egestas orci, vitae ullamcorper risus rutrum massa quis."}},"ebd3caca-9cb9-4930-9f9a-b142fbaa4500":{"type":"our-vision","settings":{"member_img":"shopify:\/\/shop_images\/4_f369efbc-aace-4d74-9c38-7e6b093ef383.jpg","member_name":"James micky","member_position":"Designer","member_desc":"Vestibulum porttitor egestas orci, vitae ullamcorper risus rutrum massa quis."}}},"block_order":["c88b798c-29b1-449d-9608-5c056172663b","1f4f6526-72e6-4b89-8ef6-bbf612056ea9","21da665a-cf28-4af6-92a3-6d047b181bc6","ebd3caca-9cb9-4930-9f9a-b142fbaa4500"],"settings":{"abt_team_2_padding_top":100,"abt_team_2_padding_bottom":100,"abt_team_2_padding_top_ip":80,"abt_team_2_padding_bottom_ip":80,"abt_team_2_padding_top_xs":60,"abt_team_2_padding_bottom_xs":60,"abt_team_2_bgcolor":"#FFFFFF","abt_team_2_bgcolor_enable":true,"our_team_title":"Our team","our_team_desc":"Lorem Ipsum is printing & typesetting industry's standard dummy text since texts"}},"form-contact2":{"type":"form-contact2","settings":{"contact_us_2_padding_top":100,"contact_us_2_padding_bottom":100,"contact_us_2_padding_top_ip":80,"contact_us_2_padding_bottom_ip":80,"contact_us_2_padding_top_xs":60,"contact_us_2_padding_bottom_xs":60,"contact_us_2_bgcolor":"#FFFFFF","contact_us_2_bgcolor_enable":true,"contact_us_2_border":1,"contact_us_2_border_color":"#E2E2E2","contact_us_2_border_enable":true,"contact_drop_title":"Drop us message"}},"form-contact3":{"type":"form-contact3","settings":{"contact_us_3_padding_top":100,"contact_us_3_padding_bottom":100,"contact_us_3_padding_top_ip":80,"contact_us_3_padding_bottom_ip":80,"contact_us_3_padding_top_xs":60,"contact_us_3_padding_bottom_xs":60,"contact_us_3_bgcolor":"#FFFFFF","contact_us_3_bgcolor_enable":true,"contact_us_title":"Contact us","contact_us_desc":"Lorem Ipsum is printing & typesetting industry's standard dummy text since texts"}},"1609384841999a00f0":{"type":"banner-grid","blocks":{"88b6be9a-2ed8-44ac-b1e1-7fdfe4f34e8a":{"type":"full_width_banner","settings":{"banner_img":"shopify:\/\/shop_images\/banner-2_a117f430-ed89-409d-82d1-10c37d266e9a.jpg","banner_title":"Body care","banner_title_color":"#ffffff","banner_button_text":"Buy now","banner_button_color":"#ffffff","banner_url":"shopify:\/\/collections","banner_content_position":"center","banner_text_position":"center"}},"2e9f1e55-f610-4517-96ec-59e087602d32":{"type":"full_width_banner","settings":{"banner_img":"shopify:\/\/shop_images\/banner-1_3d34d30a-a261-465e-8e79-c6c5f310b95f.jpg","banner_title":"Skin care","banner_title_color":"#ffffff","banner_button_text":"Buy now","banner_button_color":"#ffffff","banner_url":"shopify:\/\/collections","banner_content_position":"center","banner_text_position":"center"}}},"block_order":["88b6be9a-2ed8-44ac-b1e1-7fdfe4f34e8a","2e9f1e55-f610-4517-96ec-59e087602d32"],"settings":{"banner1_padding_top":100,"banner1_padding_bottom":100,"banner1_padding_top_ip":80,"banner1_padding_bottom_ip":80,"banner1_padding_top_xs":60,"banner1_padding_bottom_xs":60}},"1609475531da82ae25":{"type":"background-banner","settings":{"banner_bg_padding_top":100,"banner_bg_padding_bottom":100,"banner_bg_padding_top_ip":80,"banner_bg_padding_bottom_ip":80,"banner_bg_padding_top_xs":60,"banner_bg_padding_bottom_xs":60,"banner_bgimg":"shopify:\/\/shop_images\/1920X650.jpg","banner_bgimg_overlay_bgcolor":"#333333","banner_bgimg_overlay_bgcolor_opacity":0.5,"content_btn_icon":"bi bi-play-fill","banner_bg_button_url":"https:\/\/www.youtube.com\/watch?v=0etCKCAsImI","content_position":"center","content_text_position":"center"}},"160947763262ce026f":{"type":"deal-product","settings":{"deal_padding_top":100,"deal_padding_bottom":100,"deal_padding_top_ip":80,"deal_padding_bottom_ip":80,"deal_padding_top_xs":60,"deal_padding_bottom_xs":60,"deal_title":"Deal of the day","deal_desc":"Lorem Ipsum is printing & typesetting industry's standard dummy text since texts"}},"help-desk":{"type":"help-desk","blocks":{"f5e312ed-55df-4550-a138-aa473238098b":{"type":"help_desk","settings":{"help_desk_icon":"bi bi-telephone-inbound","help_desk_title":"Help desk support","help_desk_desc":"Lorem ipsum is simply dummy text of the simply dummy typesetting industry ipsum."}},"dee0baca-b022-407a-9daa-7bb7c8cea1e0":{"type":"help_desk","settings":{"help_desk_icon":"bi bi-people","help_desk_title":"Live Chat Support","help_desk_desc":"Lorem ipsum is simply dummy text of the simply dummy typesetting industry ipsum."}}},"block_order":["f5e312ed-55df-4550-a138-aa473238098b","dee0baca-b022-407a-9daa-7bb7c8cea1e0"],"settings":{"help_desk_bgcolor":"#f6f6f6","help_desk_bgcolor_check":true}},"payment-policy":{"type":"payment-policy","blocks":{"c61ced16-7e21-4eb9-87df-b032b78dd2a6":{"type":"payment-policy","settings":{"payment_policy_icon":"bi bi-shield-check","payment_policy_title":"Secure payment"}},"65073a46-15c5-4f6d-ad9a-bce0fffc9d4d":{"type":"payment-policy","settings":{"payment_policy_icon":"bi bi-wallet2","payment_policy_title":"Money back"}},"4d98a27a-43d4-4696-bb15-85105598e395":{"type":"payment-policy","settings":{"payment_policy_icon":"bi bi-eye-slash","payment_policy_title":"Hidden cost"}},"e4cfe01e-746d-47a1-a97c-ce5d7d579af5":{"type":"payment-policy","settings":{"payment_policy_icon":"bi bi-person-check","payment_policy_title":"Customer support"}},"f84f0a6a-2025-4dfc-927d-d7b44b719d38":{"type":"payment-policy","settings":{"payment_policy_icon":"bi bi-graph-up","payment_policy_title":"Market purpose"}}},"block_order":["c61ced16-7e21-4eb9-87df-b032b78dd2a6","65073a46-15c5-4f6d-ad9a-bce0fffc9d4d","4d98a27a-43d4-4696-bb15-85105598e395","e4cfe01e-746d-47a1-a97c-ce5d7d579af5","f84f0a6a-2025-4dfc-927d-d7b44b719d38"],"settings":{"payment_policy_bgcolor":"#f6f6f6","payment_policy_bgcolor_check":true,"payment_policy_title":"Liability","payment_policy_desc1":"There are many variations of passages of Lorem Ipsum available, but the majority have suffered alteration in some form, by injected humour, or randomised words which don't look even slightly believable.","payment_policy_desc2":"It was popularised in the 1960s with the release of Letraset sheets containing Lorem Ipsum passages, and more recently with desktop publishing software like Aldus PageMaker including versions of Lorem Ipsum."}},"payment-method":{"type":"payment-method","blocks":{"2c769e4a-ba3f-45d0-951f-bd98feace506":{"type":"payment_method","settings":{"method_policy_title":"Visa payment","method_policy_desc":"Lorem Ipsum is printing & typesetting industry's standard text"}},"8dbefa93-531c-4236-9090-c1c8e6977cd6":{"type":"payment_method","settings":{"method_policy_title":"Maestro Payment","method_policy_desc":"Lorem Ipsum is printing & typesetting industry's standard text"}},"0bffe919-b369-4eb8-8cc4-8fe508c1eab0":{"type":"payment_method","settings":{"method_policy_title":"Paypal payment","method_policy_desc":"Lorem Ipsum is printing & typesetting industry's standard text"}},"3943ee15-f7c1-4b02-9aa9-cb0e58be8eae":{"type":"payment_method","settings":{"method_policy_title":"Discover payment","method_policy_desc":"Lorem Ipsum is printing & typesetting industry's standard text"}},"f44c34d2-7f39-445c-b02f-eea934d112c7":{"type":"payment_method","settings":{"method_policy_title":"Master payment","method_policy_desc":"Lorem Ipsum is printing & typesetting industry's standard text"}},"4d9bd5fa-809c-4456-8be6-39ff6635c295":{"type":"payment_method","settings":{"method_policy_title":"Express payment","method_policy_desc":"Lorem Ipsum is printing & typesetting industry's standard text"}},"a2c031e2-7d42-455a-9872-9bb5171aa633":{"type":"payment_method","settings":{"method_policy_title":"Google payment","method_policy_desc":"Lorem Ipsum is printing & typesetting industry's standard text"}},"c3e48f0b-8610-4705-8143-68116eafe9a2":{"type":"payment_method","settings":{"method_policy_title":"Wallet payment","method_policy_desc":"Lorem Ipsum is printing & typesetting industry's standard text"}}},"block_order":["2c769e4a-ba3f-45d0-951f-bd98feace506","8dbefa93-531c-4236-9090-c1c8e6977cd6","0bffe919-b369-4eb8-8cc4-8fe508c1eab0","3943ee15-f7c1-4b02-9aa9-cb0e58be8eae","f44c34d2-7f39-445c-b02f-eea934d112c7","4d9bd5fa-809c-4456-8be6-39ff6635c295","a2c031e2-7d42-455a-9872-9bb5171aa633","c3e48f0b-8610-4705-8143-68116eafe9a2"],"settings":{"method_policy_title":"Popular methods","method_policy_desc":"Lorem Ipsum is printing & typesetting industry's standard dummy text since texts"}},"rules-temrs":{"type":"rules-temrs","blocks":{"1d447c7f-32e8-4e1c-86d1-a54bc674f637":{"type":"rules_terms","settings":{"rules_terms_point_text":"There are many variations of passages of Lorem Ipsum available, but the majority have suffered alteration in some form, by injected humour, or randomised words which don't look even slightly believable."}},"c624fabc-3e3b-4ff3-b580-351b26e20782":{"type":"rules_terms","settings":{"rules_terms_point_text":"But I must explain to you how all this mistaken idea of denouncing pleasure and praising pain was born and I will give you a complete account of the system, and expound the actual teachings of the great explorer of the truth, the master-builder of human happiness."}},"d64ceee7-7c95-44cb-a180-611a4884a7c0":{"type":"rules_terms","settings":{"rules_terms_point_text":"Nor again is there anyone who loves or pursues or desires to obtain pain of itself, because it is pain, but because occasionally circumstances occur in which toil and pain can procure him some great pleasure."}}},"block_order":["1d447c7f-32e8-4e1c-86d1-a54bc674f637","c624fabc-3e3b-4ff3-b580-351b26e20782","d64ceee7-7c95-44cb-a180-611a4884a7c0"],"settings":{"rules_terms_title":"Terms & conditions","rules_terms_desc":"Lorem Ipsum is printing & typesetting industry's standard dummy text since texts","rules_terms_banner_img":"shopify:\/\/shop_images\/690X550_47e42e2a-cfa7-431a-b6ea-abaa811fc373.jpg","rules_terms_point_title":"Restriction"}},"need-more-help":{"type":"need-more-help","blocks":{"35532870-db1d-4d01-8289-6641195596e1":{"type":"need_help","settings":{"need_help_banner_img":"shopify:\/\/shop_images\/mail.png","need_help_icon":"bi bi-envelope","need_help_icon_title":"Chat with us","need_help_icon_desc":"Send us an email"}},"6b51b101-f921-41ec-aa6c-1139bfbf1f48":{"type":"need_help","settings":{"need_help_banner_img":"shopify:\/\/shop_images\/call.png","need_help_icon":"bi bi-telephone","need_help_icon_title":"Speak with us","need_help_icon_desc":"Give us a call toady"}},"570f573b-a46d-4ccc-9f55-b2c60c4ae9ec":{"type":"need_help","settings":{"need_help_banner_img":"shopify:\/\/shop_images\/3_0bd893f9-fcac-4836-bba2-086f6f4f37c5.jpg","need_help_icon":"bi bi-geo","need_help_icon_title":"Locate a store","need_help_icon_desc":"Describe your project"}}},"block_order":["35532870-db1d-4d01-8289-6641195596e1","6b51b101-f921-41ec-aa6c-1139bfbf1f48","570f573b-a46d-4ccc-9f55-b2c60c4ae9ec"],"settings":{"need_help_title":"Need help","need_help_desc":"Lorem Ipsum is printing & typesetting industry's standard dummy text since texts"}},"wishlist":{"type":"wishlist","settings":{"wish_title":"My wishlist:","wish_item_title":"Item","wish_cart_title":"Add to cart","wish_cart_loading":"bi bi-brightness-high","wish_cart_add":"Done!","wish_cart_unvlbe":"ion-android-alert","wish_cart_stock_out":"Out of stock","wish_buy_now":"Buy now","wish_cart_conti":"Continue shopping","wish_cart_clear":"Clear wishlist","wishlist_empty_title1":"Wishlist","wishlist_empty_title2":"empty","wishlist_empty_desc_text":"Sorry your wishlist has currently no more products, click on 'here' given below for continue browsing.","login_request_title":"Please login your account"}},"contact-map":{"type":"contact-map","settings":{"google_map_padding_top":100,"google_map_padding_bottom":100,"google_map_padding_top_ip":80,"google_map_padding_bottom_ip":80,"google_map_padding_top_xs":60,"google_map_padding_bottom_xs":60,"google_map_bgcolor":"#ffffff","google_map_bgcolor_enable":true,"google_map_enable":false,"google_map_height":500}},"blog-template-left":{"type":"blog-template-left","settings":{"blog_news_limit_handle":"6","blog_sidebar_position_handle":"sticky_sidebar","blog_news_sidebar_handle":"left_sidebar_handle","showing_blog_counter_enable":true,"showing_title_handle":"Showing | of | result","blog_search_bar_enable":true,"recent_post_enable":true,"archive_enable":true,"tags_enable":true}},"related-article":{"type":"related-article","settings":{"related_blog_bgcolor":"#ffffff","related_blog_enable":true,"related_blog_border":1,"related_blog_border_color":"#e2e2e2","related_blog_border_enable":true,"related_blog_title":"Related blog","related_blog_desc":"Lorem Ipsum is printing & typesetting industry's standard dummy text since texts"}},"blog-template-right":{"type":"blog-template-right","settings":{"blog_news_limit_handle":"6","blog_sidebar_position_handle":"sticky_sidebar","blog_news_sidebar_handle":"right_sidebar_handle","showing_blog_counter_enable":true,"showing_title_handle":"Showing | of | result","blog_search_bar_enable":true,"recent_post_enable":true,"archive_enable":true,"tags_enable":true}},"product-template8":{"type":"product-template8","settings":{"pro_detail_padding_top":100,"pro_detail_padding_bottom":100,"pro_detail_padding_top_ip":80,"pro_detail_padding_bottom_ip":80,"pro_detail_padding_top_xs":60,"pro_detail_padding_bottom_xs":60,"pro_detail_bgcolor":"#FFFFFF","pro_detail_bgcolor_enable":true,"product_pos":"left","product_pos_sticky_enable":true,"product_img_pos":"right","slider_arrow_enable":true,"zoom_enable":true,"next_prev_enable":true,"next_prev_handle":"text","product_prev_title":"Prev","product_next_title":"Next"}},"header-vegamenu":{"type":"header-vegamenu","blocks":{"167c3447-b179-4e92-9f4d-cf8369300d98":{"type":"menuvega_link","settings":{"menuvega_link_icon":"<svg xmlns=\"http:\/\/www.w3.org\/2000\/svg\" id=\"Layer_1\" data-name=\"Layer 1\" viewbox=\"0 0 32 32\"><defs><style>.cls-1{fill:#fff;opacity:0;}<\/style><\/defs><title>2<\/title>\n<rect class=\"cls-1\" width=\"32\" height=\"32\"><\/rect><path d=\"M30.86,18.86a1.77,1.77,0,0,0-.92-1.68c-.71-.32-.67-.76-.51-1.33l0-.17a3.58,3.58,0,0,0-2.66-4.06,10.25,10.25,0,0,0-1.75-.06c-.1,0-.23,0-.34-.06.19-.21.39-.41.55-.62A2.65,2.65,0,0,0,25.6,8a2.14,2.14,0,0,0-2.23-1.21c-2.49,0-5,0-7.49,0a2.27,2.27,0,0,1-.63-.08,3.74,3.74,0,0,1-2.39-2.14,8.93,8.93,0,0,1-.72-3.18A1.41,1.41,0,0,0,11.32.15,1.27,1.27,0,0,0,9.91.29,6.45,6.45,0,0,0,7.5,4.56,6.39,6.39,0,0,0,7.71,7,2.68,2.68,0,0,0,4.88,9.13a4.1,4.1,0,0,0,.45,3.3l-.32,0a2.82,2.82,0,0,0-2.77,2.32,4.41,4.41,0,0,0,.07,2c0,.13,0,.21-.08.3a2.35,2.35,0,0,0-1.11,2.17c0,2.47,0,5,0,7.42a6.11,6.11,0,0,0,.05,1A5.13,5.13,0,0,0,6.39,32H25.62a7.75,7.75,0,0,0,1-.07,5.07,5.07,0,0,0,4.26-4.65C30.9,24.47,30.87,21.66,30.86,18.86ZM3.34,15.11a1.56,1.56,0,0,1,1.38-1.45,4.9,4.9,0,0,1,1.53,0l.39,0a.54.54,0,0,0,.62-.36A.55.55,0,0,0,7,12.61,3,3,0,0,1,6,11,2.89,2.89,0,0,1,6.21,8.9a1.47,1.47,0,0,1,1.93-.65c.33.12.64.32.95,0S9.18,7.61,9,7.3a5,5,0,0,1,1-5.55c.13-.15.28-.29.42-.43s.21-.21.37-.14.18.21.19.36A9.79,9.79,0,0,0,11.79,5,4.78,4.78,0,0,0,15.16,7.9a2.55,2.55,0,0,0,.67.07c2.53,0,5,0,7.57,0,1.13,0,1.59.83,1.18,1.83a1.69,1.69,0,0,1-.35.53L23,11.67a.62.62,0,0,0-.16.69.6.6,0,0,0,.61.34c.83,0,1.67.05,2.5,0a2.37,2.37,0,0,1,2.37,2.8c-.05.3-.13.59-.15.88s-.16.33-.42.33H3.83c-.29,0-.4-.08-.43-.36A4.29,4.29,0,0,1,3.34,15.11ZM29.73,26.72a4,4,0,0,1-3.08,4,4.15,4.15,0,0,1-1.06.12H6.43a4,4,0,0,1-4.16-4.15V19.14a1.15,1.15,0,0,1,1.3-1.29H28.34c1,0,1.39.41,1.39,1.38Z\"><\/path><path d=\"M23.51,22.81a5.1,5.1,0,0,0-1.88-1.37,13.1,13.1,0,0,0-5.47-1.07,15,15,0,0,0-4.37.64A6.56,6.56,0,0,0,9,22.65a2.35,2.35,0,0,0,0,3.37,4.78,4.78,0,0,0,1.66,1.19A13.07,13.07,0,0,0,16,28.28a13.4,13.4,0,0,0,5.6-1,4.68,4.68,0,0,0,2-1.46A2.31,2.31,0,0,0,23.51,22.81Zm-1.06,2.56a6.28,6.28,0,0,1-2.92,1.41,12.88,12.88,0,0,1-3.39.39,11.71,11.71,0,0,1-5.21-1.07,3.76,3.76,0,0,1-1.2-.89,1.19,1.19,0,0,1,0-1.75,4.53,4.53,0,0,1,1.95-1.21,13.49,13.49,0,0,1,9.25.13,4.46,4.46,0,0,1,1.5.94A1.28,1.28,0,0,1,22.45,25.37Z\"><\/path><\/svg>","menuvega_link_title":"Body cream","menuvega_link_url":"shopify:\/\/collections\/best-seller","menuvega_link_label":"","menuvega_link_label_color":"#ffffff","menuvega_link_label_font_size":10,"menuvega_link_label_top_position":10,"menuvega_link_label_bgcolor":"#05d14b","menuvega_link_label_text_transform":"uppercase","menuvega_link_label_font-weight":400,"menuvega_link_label_border_radius":3,"menuvega_link_label_line_height":1.1}},"11ae53bb-e2b2-42d6-b9be-60cd71ee2797":{"type":"menuvega_single","settings":{"menuvega_single_icon":"<svg xmlns=\"http:\/\/www.w3.org\/2000\/svg\" id=\"Layer_1\" data-name=\"Layer 1\" viewbox=\"0 0 32 32\"><defs><style>.cls-1{fill:#fff;opacity:0;}<\/style><\/defs><title>3<\/title>\n<rect class=\"cls-1\" width=\"32\" height=\"32\"><\/rect><path d=\"M23.54,14.07c0-.13,0-.26,0-.39a2.23,2.23,0,0,0-1.76-2c-.21-.05-.26-.12-.26-.33,0-.73,0-1.47,0-2.21a2.13,2.13,0,0,0-1.75-2.3c-.09,0-.17,0-.19-.16A1.94,1.94,0,0,1,20.83,4.4l1.72-.68a1.33,1.33,0,0,0,.88-1.33v-.9A1.36,1.36,0,0,0,21.92,0H15.17a3.08,3.08,0,0,0-.53,0,2.69,2.69,0,0,0-2.31,2.78c0,1.24,0,2.48,0,3.72,0,.14,0,.25-.18.33a2.13,2.13,0,0,0-1.56,2.28v2.17c0,.15,0,.26-.19.31A2.25,2.25,0,0,0,8.47,14.1v7.18c0,2.39,0,4.78,0,7.17A3.41,3.41,0,0,0,12,32h8a3.61,3.61,0,0,0,1-.12,3.45,3.45,0,0,0,2.56-3.52ZM13.47,2.86A1.58,1.58,0,0,1,15.2,1.14h3.25c1.13,0,2.26,0,3.39,0,.33,0,.46.07.46.43,0,1,0,1-.95,1.39l-1,.39a2.86,2.86,0,0,0-2,2.87c0,.55,0,.55-.53.55H13.82c-.26,0-.37,0-.36-.34C13.48,5.24,13.46,4.05,13.47,2.86Zm-1.74,6.2a1,1,0,0,1,1.14-1.15h6.35a1,1,0,0,1,1.14,1.14c0,.73,0,1.45,0,2.18,0,.26-.05.35-.34.35-1.34,0-2.67,0-4,0s-2.66,0-4,0c-.25,0-.32-.06-.32-.31C11.74,10.53,11.73,9.79,11.73,9.06ZM22.39,28.45A2.28,2.28,0,0,1,20,30.86H12a2.28,2.28,0,0,1-2.42-2.38c0-3.82,0-7.64,0-11.46,0-.27.09-.31.32-.31H22.08c.23,0,.32.05.32.31C22.39,20.83,22.4,24.64,22.39,28.45Zm-.3-12.87H10c-.29,0-.37-.07-.35-.35,0-.44,0-.88,0-1.32a1.14,1.14,0,0,1,1.21-1.2H21.18a1.15,1.15,0,0,1,1.21,1.17c0,.46,0,.93,0,1.39C22.41,15.53,22.33,15.58,22.09,15.58Z\" transform=\"translate(0 0)\"><\/path><\/svg>","menuvega_single_title":"Cosmetic","menuvega_single_url":"shopify:\/\/collections\/facewash","menuvega_single_label":"","menuvega_single_label_color":"#ffffff","menuvega_single_label_font_size":10,"menuvega_single_label_top_position":10,"menuvega_single_label_bgcolor":"#05d14b","menuvega_single_label_text_transform":"uppercase","menuvega_single_label_font-weight":400,"menuvega_single_label_border_radius":3,"menuvega_single_label_line_height":1.1,"menuvega_single_select":"menuvega-single"}},"22ff47c8-0c88-4d30-a4cf-3b6ce116a9e3":{"type":"menuvega_link","settings":{"menuvega_link_icon":"<svg xmlns=\"http:\/\/www.w3.org\/2000\/svg\" id=\"Layer_1\" data-name=\"Layer 1\" viewbox=\"0 0 32 32\"><defs><style>.cls-1{fill:#fff;opacity:0;}<\/style><\/defs><title>4<\/title>\n<rect class=\"cls-1\" width=\"32\" height=\"32\"><\/rect><path d=\"M24.4,22.76q0-5.39,0-10.75a3.14,3.14,0,0,0-2.55-3.2,5.55,5.55,0,0,0-1.35-.05c-.25,0-.32-.06-.32-.31,0-1.28,0-2.55,0-3.83a2,2,0,0,0,0-.49,1.38,1.38,0,0,0-1.49-1.06c-.37,0-.46-.1-.44-.45s0-.81,0-1.21c0-.2,0-.27.25-.27h2a1.32,1.32,0,0,1,1.37,1.38,4.56,4.56,0,0,0,0,.64.56.56,0,0,0,1.12,0c0-.19,0-.38,0-.58A2.45,2.45,0,0,0,20.42,0H11.1c-.45,0-.71.21-.71.57s.24.57.7.57c.78,0,1.57,0,2.35,0,.29,0,.41.05.38.36s0,.71,0,1.07,0,.49-.48.49a1.44,1.44,0,0,0-1.62,1.62c0,1.23,0,2.45,0,3.68,0,.34-.1.42-.42.4a3.91,3.91,0,0,0-1.13.06A3.16,3.16,0,0,0,7.61,12c0,2.8,0,5.6,0,8.39V28.7a3.16,3.16,0,0,0,3.3,3.3H21.12a3.44,3.44,0,0,0,.64,0,3.13,3.13,0,0,0,2.63-3.13C24.41,26.8,24.4,24.78,24.4,22.76ZM15,1.2c.17-.14.54-.05.82-.05s.62,0,.92,0,.32,0,.31.29c0,.45,0,.9,0,1.35,0,.19,0,.29-.21.29H15.3A.42.42,0,0,1,15,3c-.21-.18-.06-.65-.06-1S14.83,1.35,15,1.2ZM12.84,4.64c0-.32.12-.45.45-.44h5.32c.32,0,.43.13.43.45,0,1.27,0,2.54,0,3.82,0,.23-.07.29-.3.29H13.17c-.23,0-.33,0-.33-.3C12.86,7.18,12.85,5.91,12.84,4.64Zm-4.1,10.2c0-.94,0-1.88,0-2.82a2,2,0,0,1,2.1-2.12H21.17A2,2,0,0,1,23.25,12c0,1,0,2,0,2.93,0,.25-.08.29-.3.29H9.11C8.8,15.21,8.74,15.12,8.74,14.84ZM23.25,28.7a2,2,0,0,1-2.16,2.16H10.92A2,2,0,0,1,8.75,28.7c0-1.59,0-3.17,0-4.75,0-.29.09-.35.36-.35,2.31,0,4.62,0,6.93,0s4.59,0,6.89,0c.28,0,.34.09.34.36C23.25,25.54,23.26,27.12,23.25,28.7Zm0-6.58c0,.29-.08.35-.35.35H9.12c-.29,0-.38-.06-.38-.36q0-2.71,0-5.43c0-.29.1-.34.36-.34H22.89c.28,0,.37,0,.37.36C23.24,18.51,23.25,20.31,23.26,22.12Z\" transform=\"translate(0 0)\"><\/path><\/svg>","menuvega_link_title":"Hair","menuvega_link_url":"shopify:\/\/collections\/minimalist","menuvega_link_label":"","menuvega_link_label_color":"#ffffff","menuvega_link_label_font_size":10,"menuvega_link_label_top_position":10,"menuvega_link_label_bgcolor":"#05d14b","menuvega_link_label_text_transform":"uppercase","menuvega_link_label_font-weight":400,"menuvega_link_label_border_radius":3,"menuvega_link_label_line_height":1.1}},"9b41a4a2-c042-4651-83a2-51e643ba5b37":{"type":"menuvega_link","settings":{"menuvega_link_icon":"<svg xmlns=\"http:\/\/www.w3.org\/2000\/svg\" id=\"Layer_1\" data-name=\"Layer 1\" viewbox=\"0 0 32 32\"><defs><style>.cls-1{fill:#fff;opacity:0;}<\/style><\/defs><title>2<\/title>\n<rect class=\"cls-1\" width=\"32\" height=\"32\"><\/rect><path d=\"M19.28,11.93c-.34-.06-.19-.28-.22-.45s.11-.2.26-.21a1.11,1.11,0,0,0,1.11-1c0-.78,0-1.57,0-2.35a1.08,1.08,0,0,0-1-1,5.61,5.61,0,0,0-.71,0c-.26,0-.32-.08-.32-.32,0-1.33,0-2.67,0-4a2.76,2.76,0,0,0-.05-.64,2.36,2.36,0,0,0-4.68.48c0,1.17,0,2.33,0,3.5,0,.32.14.73-.07.92s-.56,0-.86,0h-.07a1.11,1.11,0,0,0-1.07,1.07c0,.75,0,1.5,0,2.25a1.16,1.16,0,0,0,1.1,1.11c.15,0,.33,0,.29.22s.08.38-.25.44a4.35,4.35,0,0,0-3.63,4.17c0,1.34,0,2.68,0,4v5C9,26.55,9,28,9,29.39A2.41,2.41,0,0,0,11.64,32h8.71A2.4,2.4,0,0,0,23,29.41c0-1.3,0-2.6,0-3.9,0-3,0-6,0-9.07A4.44,4.44,0,0,0,19.28,11.93Zm-4.5-7.51c0-.66,0-1.33,0-2a1.22,1.22,0,1,1,2.44,0c0,1.39,0,2.78,0,4.18,0,.19-.05.26-.26.26-.65,0-1.31,0-2,0-.2,0-.24-.07-.24-.25C14.78,5.88,14.78,5.15,14.78,4.42Zm-1.85,5.71c-.18,0-.24-.05-.24-.24,0-.54,0-1.09,0-1.64,0-.22.07-.27.28-.27H19c.22,0,.29,0,.28.27,0,.55,0,1.1,0,1.64,0,.19-.06.24-.24.24Zm8.89,19.38a1.26,1.26,0,0,1-1.37,1.35H11.56a1.26,1.26,0,0,1-1.38-1.38V20.12c0-1.21,0-2.43,0-3.64A3.32,3.32,0,0,1,13.05,13l.14,0c.87-.08.9-.12.9-1,0-.73,0-.73.74-.73h2.79c.23,0,.32.05.3.29s0,.5,0,.75c0,.47.2.66.67.69a3.35,3.35,0,0,1,3.1,2.38,2.88,2.88,0,0,1,.12.77c0,1,0,2.05,0,3.07,0,.26-.14.22-.29.22H16a2.3,2.3,0,0,0-2.35,1.84,2.37,2.37,0,0,0,0,.53c0,1.09,0,2.17,0,3.25A2.26,2.26,0,0,0,16,27.45c1.81,0,3.62,0,5.43,0,.27,0,.37.05.36.35C21.8,28.37,21.83,28.94,21.82,29.51Zm0-8.64c0,1.72,0,3.45,0,5.17,0,.24-.08.27-.28.27H16a1.14,1.14,0,0,1-1.26-1.26c0-1.08,0-2.16,0-3.24A1.13,1.13,0,0,1,16,20.59h5.57C21.77,20.58,21.82,20.65,21.82,20.87Z\" transform=\"translate(0 0)\"><\/path><\/svg>","menuvega_link_title":"Serum","menuvega_link_url":"shopify:\/\/collections\/skin","menuvega_link_label":"","menuvega_link_label_color":"#ffffff","menuvega_link_label_font_size":10,"menuvega_link_label_top_position":10,"menuvega_link_label_bgcolor":"#05d14b","menuvega_link_label_text_transform":"uppercase","menuvega_link_label_font-weight":400,"menuvega_link_label_border_radius":3,"menuvega_link_label_line_height":1.1}},"2ca09a83-9662-4890-b9b8-ac595d927553":{"type":"menuvega_link","settings":{"menuvega_link_icon":"<svg xmlns=\"http:\/\/www.w3.org\/2000\/svg\" id=\"Layer_1\" data-name=\"Layer 1\" viewbox=\"0 0 32 32\"><defs><style>.cls-1{fill:#fff;opacity:0;}<\/style><\/defs><title>3<\/title>\n<rect class=\"cls-1\" width=\"32\" height=\"32\"><\/rect><path d=\"M31.49,1.78a3.56,3.56,0,0,0-5.68-.67c-1,1-2.08,2.07-3.11,3.11a.35.35,0,0,1-.48.11A4,4,0,0,0,20.52,4a4.45,4.45,0,0,0-3.25,1.32Q15.91,6.65,14.57,8a1.11,1.11,0,0,0,0,1.68q.52.56,1.08,1.08c.17.16.18.25,0,.41-1,1-2,2-2.94,2.93L2.87,24a3.9,3.9,0,0,0-1.33,2.8,2.56,2.56,0,0,1-1,2.12,1.78,1.78,0,0,0,0,2.59,1.85,1.85,0,0,0,2.58,0c.2-.18.39-.38.58-.58a.37.37,0,0,1,.34-.14,4.36,4.36,0,0,0,3.55-1.35l2.83-2.82c3.41-3.42,6.82-6.82,10.22-10.24.22-.22.33-.21.52,0s.68.7,1,1a1.13,1.13,0,0,0,1.66,0c.94-.92,1.9-1.84,2.8-2.81a4.45,4.45,0,0,0,.91-4.83.4.4,0,0,1,.1-.52C28.84,8.15,30,7.07,31,6A3.52,3.52,0,0,0,31.49,1.78ZM20,15.51,6.84,28.62a3.29,3.29,0,0,1-2.36,1h-.1a1.34,1.34,0,0,0-1.57.61,2.57,2.57,0,0,1-.33.33.71.71,0,0,1-1.07.07.72.72,0,0,1,.06-1.07c.32-.34.65-.67,1-1a.81.81,0,0,0,.25-.77,3.26,3.26,0,0,1,1-3.09q6.35-6.33,12.68-12.68c.2-.21.31-.26.54,0,1,1,2,2,3,3C20.13,15.25,20.14,15.33,20,15.51Zm6.86-3.8A3.36,3.36,0,0,1,25.73,14c-.8.8-1.6,1.59-2.39,2.4-.18.19-.28.2-.47,0-1.87-1.89-3.75-3.76-5.62-5.64-.58-.57-1.14-1.15-1.72-1.71-.16-.15-.17-.23,0-.39.85-.83,1.68-1.69,2.53-2.52a3.4,3.4,0,0,1,4.82,0c1,1,2,2,3,3A3.42,3.42,0,0,1,26.82,11.71Zm3.43-6.63C29.37,6,28.42,7,27.5,7.88c-.2.2-.41.54-.61.54s-.42-.34-.62-.55c-.86-.86-1.72-1.73-2.6-2.59-.16-.16-.18-.24,0-.42,1-1,2-2,3-3a2.52,2.52,0,0,1,1.93-.76,2.41,2.41,0,0,1,2,1.46A2.12,2.12,0,0,1,30.25,5.08Z\" transform=\"translate(0 0)\"><\/path><\/svg>","menuvega_link_title":"Oil","menuvega_link_url":"shopify:\/\/collections\/all","menuvega_link_label":"","menuvega_link_label_color":"#ffffff","menuvega_link_label_font_size":10,"menuvega_link_label_top_position":10,"menuvega_link_label_bgcolor":"#05d14b","menuvega_link_label_text_transform":"uppercase","menuvega_link_label_font-weight":400,"menuvega_link_label_border_radius":3,"menuvega_link_label_line_height":1.1}},"26faecbc-fd84-4bba-9478-25c00b2acc53":{"type":"menuvega_link","settings":{"menuvega_link_icon":"<svg xmlns=\"http:\/\/www.w3.org\/2000\/svg\" id=\"Layer_1\" data-name=\"Layer 1\" viewbox=\"0 0 32 32\"><defs><style>.cls-1{fill:#fff;opacity:0;}<\/style><\/defs><title>sun-cream<\/title>\n<rect class=\"cls-1\" width=\"32\" height=\"32\"><\/rect><path d=\"M24.09,8.8A2.22,2.22,0,0,0,22,6.48c-.28,0-.31-.14-.31-.38,0-1.22,0-2.45,0-3.67A2.3,2.3,0,0,0,19.25,0H12.82a2.31,2.31,0,0,0-2.51,2.5V6.18c0,.14,0,.25-.2.28A2.27,2.27,0,0,0,7.92,9c0,3.42,0,6.84,0,10.25s0,6.93,0,10.39A2.27,2.27,0,0,0,10.29,32H21.72a2.26,2.26,0,0,0,2.37-2.35ZM11.45,2.42a1.16,1.16,0,0,1,1.28-1.28h6.54a1.17,1.17,0,0,1,1.29,1.28c0,1.24,0,2.48,0,3.71,0,.29-.09.33-.34.33H11.79c-.24,0-.35,0-.35-.32C11.46,4.9,11.45,3.66,11.45,2.42ZM23,24.44c0,.28-.09.33-.35.33h-7a1.19,1.19,0,0,1-1.34-1.34V19a1.17,1.17,0,0,1,1.33-1.33H19c1.22,0,2.43,0,3.64,0,.26,0,.32.07.31.32C22.94,20.11,22.94,22.27,23,24.44Zm-.39-7.94c-2.33,0-4.66,0-7,0A2.3,2.3,0,0,0,13.09,19v4.43a2.32,2.32,0,0,0,2.49,2.49c2.35,0,4.69,0,7,0,.26,0,.34.05.34.32,0,1.12,0,2.24,0,3.36a1.15,1.15,0,0,1-1.28,1.28H10.35a1.16,1.16,0,0,1-1.29-1.3V9c0-1,.41-1.36,1.37-1.36H21.57C22.52,7.6,23,8,23,9c0,2.38,0,4.76,0,7.14C23,16.4,22.9,16.5,22.57,16.5Z\" transform=\"translate(0 0)\"><\/path><\/svg>","menuvega_link_title":"Sun cream","menuvega_link_url":"shopify:\/\/collections\/all","menuvega_link_label":"","menuvega_link_label_color":"#ffffff","menuvega_link_label_font_size":10,"menuvega_link_label_top_position":10,"menuvega_link_label_bgcolor":"#05d14b","menuvega_link_label_text_transform":"uppercase","menuvega_link_label_font-weight":400,"menuvega_link_label_border_radius":3,"menuvega_link_label_line_height":1.1}}},"block_order":["167c3447-b179-4e92-9f4d-cf8369300d98","11ae53bb-e2b2-42d6-b9be-60cd71ee2797","22ff47c8-0c88-4d30-a4cf-3b6ce116a9e3","9b41a4a2-c042-4651-83a2-51e643ba5b37","2ca09a83-9662-4890-b9b8-ac595d927553","26faecbc-fd84-4bba-9478-25c00b2acc53"],"settings":{"header_vega_menu_title":"Shop categories","header_vega_menu_svg_width":16,"header_vega_menu_svg_height":16}},"header-mainmenu":{"type":"header-mainmenu","blocks":{"9a543915-841b-41b9-b240-4e6ff959dac4":{"type":"menu_single","settings":{"menu_single_title":"Home","menu_single_url":"\/","menu_single_label":"Hot","menu_single_label_color":"#ffffff","menu_single_label_font_size":10,"menu_single_label_top_position":10,"menu_single_label_bgcolor":"#05d14b","menu_single_label_text_transform":"uppercase","menu_single_label_font-weight":400,"menu_single_label_border_radius":3,"menu_single_label_line_height":1.1,"menu_single_select":"menu-single"}},"42d7baf5-8f1b-4aaf-a6c3-9c76bee1c184":{"type":"menu_shop","settings":{"menu_shop_title":"Shop","menu_shop_url":"shopify:\/\/collections\/all","menu_shop_label":"Sale","menu_shop_label_color":"#ffffff","menu_shop_label_font_size":10,"menu_shop_label_top_position":10,"menu_shop_label_bgcolor":"#ff0c32","menu_shop_label_text_transform":"uppercase","menu_shop_label_font-weight":400,"menu_shop_label_border_radius":3,"menu_shop_label_line_height":1.1,"menu_shop_select1":"","menu_shop_collection_select1":"menu-shop-collection","menu_shop_select2":"menu-shop","menu_shop_collection_select2":"","menu_shop_banner_img1":"shopify:\/\/shop_images\/shopbanner-1.jpg","menu_shop_banner_url1":"shopify:\/\/collections\/all","menu_shop_banner_img2":"shopify:\/\/shop_images\/shopbanner-2.jpg","menu_shop_banner_url2":"shopify:\/\/collections\/all"}},"5e4f06ad-6fc6-4a84-a732-3b0b2b62f1af":{"type":"menu_product","settings":{"menu_product_title":"Product","menu_product_url":"shopify:\/\/collections\/all","menu_product_label":"","menu_product_label_color":"#ffffff","menu_product_label_font_size":10,"menu_product_label_top_position":10,"menu_product_label_bgcolor":"#0c32ff","menu_product_label_text_transform":"uppercase","menu_product_label_font-weight":400,"menu_product_label_border_radius":3,"menu_product_label_line_height":1.1,"menu_product_select":"menu-product","menu_product_collection_select":"","menu_product_shop_select":"menu-shop","menu_product_shop_collection_select":"","menu_product_collection1":"facewash","menu_product_link_title1":"See more","menu_product_collection2":"minimalist","menu_product_link_title2":"See more"}},"dbe3cf04-1ff1-4d40-b358-2ad3e769b6ff":{"type":"menu_collection","settings":{"menu_collection_title":"Collection","menu_collection_url":"shopify:\/\/collections\/all","menu_collection_label":"","menu_collection_label_color":"#ffffff","menu_collection_label_font_size":10,"menu_collection_label_top_position":10,"menu_collection_label_bgcolor":"#0c32ff","menu_collection_label_text_transform":"uppercase","menu_collection_label_font-weight":400,"menu_collection_label_border_radius":3,"menu_collection_label_line_height":1.1,"menu_collection_banner_img1":"shopify:\/\/shop_images\/manubanner-1.jpg","menu_collection_banner_title1":"New product","menu_collection_banner_url1":"shopify:\/\/collections\/new-products","menu_collection_banner_img2":"shopify:\/\/shop_images\/manubanner-3.jpg","menu_collection_banner_title2":"Feature product","menu_collection_banner_url2":"shopify:\/\/collections\/featured-products","menu_collection_banner_img3":"shopify:\/\/shop_images\/manubanner-2.jpg","menu_collection_banner_title3":"Best seller","menu_collection_banner_url3":"shopify:\/\/collections\/best-seller"}},"88ab56d4-9834-4532-afcd-3bfc883a1325":{"type":"menu_blog","settings":{"menu_blog_title":"Blog","menu_blog_url":"shopify:\/\/blogs\/news","menu_blog_label":"","menu_blog_label_color":"#ffffff","menu_blog_label_font_size":10,"menu_blog_label_top_position":10,"menu_blog_label_bgcolor":"#0c32ff","menu_blog_label_text_transform":"uppercase","menu_blog_label_font-weight":400,"menu_blog_label_border_radius":3,"menu_blog_label_line_height":1.1,"menu_blog_select":"menu-blog","menu_blog_collection_select":"","menu_blog_post":"news","menu_blog_post_link_title":"See more","menu_blog_collection":"skin","menu_blog_link_title":"See more","menu_blog_banner_img":"shopify:\/\/shop_images\/blogbanner.jpg","menu_blog_banner_url":"shopify:\/\/collections\/all"}},"69484b6c-a8b5-48d0-9847-fd3c72bd93a9":{"type":"menu_sub","settings":{"menu_sub_title":"Pages","menu_sub_url":"\/","menu_sub_label":"New","menu_sub_label_color":"#ffffff","menu_sub_label_font_size":10,"menu_sub_label_top_position":10,"menu_sub_label_bgcolor":"#0c32ff","menu_sub_label_text_transform":"uppercase","menu_sub_label_font-weight":400,"menu_sub_label_border_radius":3,"menu_sub_label_line_height":1.1,"menu_sub_select":"menu-sub"}}},"block_order":["9a543915-841b-41b9-b240-4e6ff959dac4","42d7baf5-8f1b-4aaf-a6c3-9c76bee1c184","5e4f06ad-6fc6-4a84-a732-3b0b2b62f1af","dbe3cf04-1ff1-4d40-b358-2ad3e769b6ff","88ab56d4-9834-4532-afcd-3bfc883a1325","69484b6c-a8b5-48d0-9847-fd3c72bd93a9"],"settings":{"header_main_menu_title":"Menu"}},"header-contact":{"type":"header-contact","settings":{"company_contact_number":"(+33) 1 23 45 67 89"}}},"content_for_index":["1603165893b2db5203","1609384841999a00f0","1537092551066","1609475531da82ae25","160947763262ce026f","16047556002ec3c338","1580272775130"]},"presets":{"Default":{"ajax_cart_method":"drawer","cart_notes_enable":true,"color_body_bg":"#fff","color_body_text":"#333333","color_borders":"#e5e5e5","color_footer_bg":"#f2f2f2","color_footer_social_link":"#bbbbbb","color_footer_text":"#636363","color_primary":"#747474","color_secondary":"#bbb","favicon_enable":false,"footer_newsletter_enable":true,"footer_social_enable":true,"logo_use_image":false,"social_facebook_link":"","social_twitter_link":""}}}